time,temperature_2m,relative_humidity_2m,cloud_cover,shortwave_radiation,actual_load_kw,actual_solar_gen,hour_sin,hour_cos,day_of_week,load_lag_24h,solar_lag_24h,target_solar_next_h,target_load_next_h
2025-12-17 00:00:00,4.6,92,100,0.0,1.152562043706562,0.0,0.0,1.0,2,0.9894483009308943,0.0,0.0,0.8595669138321926
2025-12-17 01:00:00,4.8,92,100,0.0,0.8595669138321926,0.0,0.25881904510252074,0.9659258262890683,2,1.0798543950332558,0.0,0.0,1.0701030421824052
2025-12-17 02:00:00,4.4,94,100,0.0,1.0701030421824052,0.0,0.49999999999999994,0.8660254037844387,2,0.8579934710923125,0.0,0.0,1.0004361131216555
2025-12-17 03:00:00,4.5,94,99,0.0,1.0004361131216555,0.0,0.7071067811865476,0.7071067811865476,2,0.9381840954481726,0.0,0.0,0.9708413040434505
2025-12-17 04:00:00,4.4,94,100,0.0,0.9708413040434505,0.0,0.8660254037844386,0.5000000000000001,2,1.0249885352521169,0.0,0.0,0.9288004449684942
2025-12-17 05:00:00,4.2,93,98,0.0,0.9288004449684942,0.0,0.9659258262890683,0.25881904510252074,2,1.008696234183871,0.0,0.0,1.1108402279104228
2025-12-17 06:00:00,3.9,95,100,0.0,1.1108402279104228,0.0,1.0,6.123233995736766e-17,2,0.9632371358411157,0.0,0.012,1.1344699108788603
2025-12-17 07:00:00,4.1,93,100,3.0,1.1344699108788603,0.012,0.9659258262890683,-0.25881904510252063,2,0.9644177275073014,0.016,0.216,0.9985760904095613
2025-12-17 08:00:00,5.8,87,100,54.0,0.9985760904095613,0.216,0.8660254037844387,-0.4999999999999998,2,1.0819964486677638,0.424,0.588,0.9910119248965219
2025-12-17 09:00:00,8.1,73,100,147.0,0.9910119248965219,0.588,0.7071067811865476,-0.7071067811865475,2,0.9526131757674756,1.084,0.976,0.9471282420444319
2025-12-17 10:00:00,9.8,66,100,244.0,0.9471282420444319,0.976,0.49999999999999994,-0.8660254037844387,2,1.1622382180162063,1.612,1.372,0.9613503193302304
2025-12-17 11:00:00,11.2,61,100,343.0,0.9613503193302304,1.372,0.258819045102521,-0.9659258262890682,2,1.1036586008733291,1.86,1.432,0.853407931037063
2025-12-17 12:00:00,11.7,65,100,358.0,0.853407931037063,1.432,1.2246467991473532e-16,-1.0,2,1.0497925999206663,1.896,1.528,1.1406131327213698
2025-12-17 13:00:00,13.0,57,100,382.0,1.1406131327213698,1.528,-0.2588190451025208,-0.9659258262890683,2,1.1834878574406091,1.58,0.972,0.997387365508157
2025-12-17 14:00:00,13.0,52,100,243.0,0.997387365508157,0.972,-0.4999999999999997,-0.8660254037844388,2,0.8702798349955871,0.48,0.632,1.0757858245099976
2025-12-17 15:00:00,12.6,53,100,158.0,1.0757858245099976,0.632,-0.7071067811865471,-0.7071067811865479,2,0.9389972699344692,0.74,0.248,1.164502951885379
2025-12-17 16:00:00,10.1,72,100,62.0,1.164502951885379,0.248,-0.8660254037844385,-0.5000000000000004,2,1.201814046740361,0.428,0.012,1.5903598604262152
2025-12-17 17:00:00,8.9,78,100,3.0,1.5903598604262152,0.012,-0.9659258262890683,-0.25881904510252063,2,1.5637599461849658,0.016,0.0,2.439873456454584
2025-12-17 18:00:00,8.9,83,100,0.0,2.439873456454584,0.0,-1.0,-1.8369701987210297e-16,2,2.1039170616117837,0.0,0.0,2.6607997926508613
2025-12-17 19:00:00,8.3,85,100,0.0,2.6607997926508613,0.0,-0.9659258262890684,0.2588190451025203,2,2.677232236162249,0.0,0.0,2.8191522993227482
2025-12-17 20:00:00,7.8,86,100,0.0,2.8191522993227482,0.0,-0.8660254037844386,0.5000000000000001,2,2.9578969623576157,0.0,0.0,2.8388646608492945
2025-12-17 21:00:00,7.7,84,100,0.0,2.8388646608492945,0.0,-0.7071067811865477,0.7071067811865474,2,2.7615279513544757,0.0,0.0,2.2209309330369553
2025-12-17 22:00:00,7.3,82,100,0.0,2.2209309330369553,0.0,-0.5000000000000004,0.8660254037844384,2,2.28969745684076,0.0,0.0,1.648876935839033
2025-12-17 23:00:00,7.1,81,100,0.0,1.648876935839033,0.0,-0.25881904510252157,0.9659258262890681,2,1.5635410983847426,0.0,0.0,1.076804596152706
2025-12-18 00:00:00,7.1,79,100,0.0,1.076804596152706,0.0,0.0,1.0,3,1.152562043706562,0.0,0.0,0.8604824035186085
2025-12-18 01:00:00,6.5,79,100,0.0,0.8604824035186085,0.0,0.25881904510252074,0.9659258262890683,3,0.8595669138321926,0.0,0.0,0.8851248424563221
2025-12-18 02:00:00,6.4,77,100,0.0,0.8851248424563221,0.0,0.49999999999999994,0.8660254037844387,3,1.0701030421824052,0.0,0.0,0.9572701961038796
2025-12-18 03:00:00,6.3,77,100,0.0,0.9572701961038796,0.0,0.7071067811865476,0.7071067811865476,3,1.0004361131216555,0.0,0.0,1.0112168432896673
2025-12-18 04:00:00,5.6,80,99,0.0,1.0112168432896673,0.0,0.8660254037844386,0.5000000000000001,3,0.9708413040434505,0.0,0.0,1.0039648204661908
2025-12-18 05:00:00,4.7,85,100,0.0,1.0039648204661908,0.0,0.9659258262890683,0.25881904510252074,3,0.9288004449684942,0.0,0.0,1.106919207061691
2025-12-18 06:00:00,5.0,88,100,0.0,1.106919207061691,0.0,1.0,6.123233995736766e-17,3,1.1108402279104228,0.0,0.008,0.8280504401928546
2025-12-18 07:00:00,5.4,89,100,2.0,0.8280504401928546,0.008,0.9659258262890683,-0.25881904510252063,3,1.1344699108788603,0.012,0.12,1.1120493273095204
2025-12-18 08:00:00,6.5,88,100,30.0,1.1120493273095204,0.12,0.8660254037844387,-0.4999999999999998,3,0.9985760904095613,0.216,0.2,0.7495433079511717
2025-12-18 09:00:00,7.3,95,100,50.0,0.7495433079511717,0.2,0.7071067811865476,-0.7071067811865475,3,0.9910119248965219,0.588,0.144,1.0305079695655195
2025-12-18 10:00:00,7.6,97,100,36.0,1.0305079695655195,0.144,0.49999999999999994,-0.8660254037844387,3,0.9471282420444319,0.976,0.372,0.9373809124262799
2025-12-18 11:00:00,8.7,96,100,93.0,0.9373809124262799,0.372,0.258819045102521,-0.9659258262890682,3,0.9613503193302304,1.372,0.688,1.0539773442795037
2025-12-18 12:00:00,9.4,94,100,172.0,1.0539773442795037,0.688,1.2246467991473532e-16,-1.0,3,0.853407931037063,1.432,0.348,1.0898661072854163
2025-12-18 13:00:00,9.7,97,100,87.0,1.0898661072854163,0.348,-0.2588190451025208,-0.9659258262890683,3,1.1406131327213698,1.528,0.26,0.8973788051087221
2025-12-18 14:00:00,9.9,94,100,65.0,0.8973788051087221,0.26,-0.4999999999999997,-0.8660254037844388,3,0.997387365508157,0.972,0.208,1.278435168163035
2025-12-18 15:00:00,10.0,92,100,52.0,1.278435168163035,0.208,-0.7071067811865471,-0.7071067811865479,3,1.0757858245099976,0.632,0.084,1.2453705012283454
2025-12-18 16:00:00,9.6,89,98,21.0,1.2453705012283454,0.084,-0.8660254037844385,-0.5000000000000004,3,1.164502951885379,0.248,0.008,1.754022693870878
2025-12-18 17:00:00,9.7,85,100,2.0,1.754022693870878,0.008,-0.9659258262890683,-0.25881904510252063,3,1.5903598604262152,0.012,0.0,2.0421893687020556
2025-12-18 18:00:00,9.7,86,99,0.0,2.0421893687020556,0.0,-1.0,-1.8369701987210297e-16,3,2.439873456454584,0.0,0.0,2.824653615162083
2025-12-18 19:00:00,9.3,89,84,0.0,2.824653615162083,0.0,-0.9659258262890684,0.2588190451025203,3,2.6607997926508613,0.0,0.0,3.0207745531891996
2025-12-18 20:00:00,8.6,92,100,0.0,3.0207745531891996,0.0,-0.8660254037844386,0.5000000000000001,3,2.8191522993227482,0.0,0.0,2.8280363812930847
2025-12-18 21:00:00,8.6,90,100,0.0,2.8280363812930847,0.0,-0.7071067811865477,0.7071067811865474,3,2.8388646608492945,0.0,0.0,2.078769890140067
2025-12-18 22:00:00,8.4,87,100,0.0,2.078769890140067,0.0,-0.5000000000000004,0.8660254037844384,3,2.2209309330369553,0.0,0.0,1.5882354957843017
2025-12-18 23:00:00,8.0,89,100,0.0,1.5882354957843017,0.0,-0.25881904510252157,0.9659258262890681,3,1.648876935839033,0.0,0.0,0.943232897539756
2025-12-19 00:00:00,8.6,85,100,0.0,0.943232897539756,0.0,0.0,1.0,4,1.076804596152706,0.0,0.0,1.1505935144335138
2025-12-19 01:00:00,8.8,85,100,0.0,1.1505935144335138,0.0,0.25881904510252074,0.9659258262890683,4,0.8604824035186085,0.0,0.0,1.0357285903675217
2025-12-19 02:00:00,8.1,89,100,0.0,1.0357285903675217,0.0,0.49999999999999994,0.8660254037844387,4,0.8851248424563221,0.0,0.0,1.0903196444961474
2025-12-19 03:00:00,7.3,93,100,0.0,1.0903196444961474,0.0,0.7071067811865476,0.7071067811865476,4,0.9572701961038796,0.0,0.0,1.1051672531927754
2025-12-19 04:00:00,7.0,93,100,0.0,1.1051672531927754,0.0,0.8660254037844386,0.5000000000000001,4,1.0112168432896673,0.0,0.0,0.894321536860989
2025-12-19 05:00:00,7.3,92,98,0.0,0.894321536860989,0.0,0.9659258262890683,0.25881904510252074,4,1.0039648204661908,0.0,0.0,1.0911604027867285
2025-12-19 06:00:00,7.5,96,100,0.0,1.0911604027867285,0.0,1.0,6.123233995736766e-17,4,1.106919207061691,0.0,0.008,1.0560704180462686
2025-12-19 07:00:00,7.4,98,97,2.0,1.0560704180462686,0.008,0.9659258262890683,-0.25881904510252063,4,0.8280504401928546,0.008,0.248,1.12638206894632
2025-12-19 08:00:00,8.6,96,100,62.0,1.12638206894632,0.248,0.8660254037844387,-0.4999999999999998,4,1.1120493273095204,0.12,0.308,1.2588569324604786
2025-12-19 09:00:00,9.2,95,100,77.0,1.2588569324604786,0.308,0.7071067811865476,-0.7071067811865475,4,0.7495433079511717,0.2,0.332,0.8645509717972071
2025-12-19 10:00:00,9.5,94,100,83.0,0.8645509717972071,0.332,0.49999999999999994,-0.8660254037844387,4,1.0305079695655195,0.144,0.732,1.0820523848867616
2025-12-19 11:00:00,10.5,90,100,183.0,1.0820523848867616,0.732,0.258819045102521,-0.9659258262890682,4,0.9373809124262799,0.372,0.864,1.0718199892342057
2025-12-19 12:00:00,10.8,84,100,216.0,1.0718199892342057,0.864,1.2246467991473532e-16,-1.0,4,1.0539773442795037,0.688,0.664,1.0490356582503455
2025-12-19 13:00:00,11.2,80,100,166.0,1.0490356582503455,0.664,-0.2588190451025208,-0.9659258262890683,4,1.0898661072854163,0.348,0.304,1.0566783943049065
2025-12-19 14:00:00,10.3,86,100,76.0,1.0566783943049065,0.304,-0.4999999999999997,-0.8660254037844388,4,0.8973788051087221,0.26,0.188,1.1019282987545742
2025-12-19 15:00:00,10.0,89,100,47.0,1.1019282987545742,0.188,-0.7071067811865471,-0.7071067811865479,4,1.278435168163035,0.208,0.1,1.3071316269499977
2025-12-19 16:00:00,9.5,95,100,25.0,1.3071316269499977,0.1,-0.8660254037844385,-0.5000000000000004,4,1.2453705012283454,0.084,0.004,1.593119071120027
2025-12-19 17:00:00,9.1,98,100,1.0,1.593119071120027,0.004,-0.9659258262890683,-0.25881904510252063,4,1.754022693870878,0.008,0.0,2.2351323427020993
2025-12-19 18:00:00,8.8,99,100,0.0,2.2351323427020993,0.0,-1.0,-1.8369701987210297e-16,4,2.0421893687020556,0.0,0.0,2.6901189901207263
2025-12-19 19:00:00,9.0,99,100,0.0,2.6901189901207263,0.0,-0.9659258262890684,0.2588190451025203,4,2.824653615162083,0.0,0.0,3.078175222751721
2025-12-19 20:00:00,9.0,99,98,0.0,3.078175222751721,0.0,-0.8660254037844386,0.5000000000000001,4,3.0207745531891996,0.0,0.0,2.817527720660307
2025-12-19 21:00:00,8.8,99,100,0.0,2.817527720660307,0.0,-0.7071067811865477,0.7071067811865474,4,2.8280363812930847,0.0,0.0,2.302761242144229
2025-12-19 22:00:00,8.8,99,100,0.0,2.302761242144229,0.0,-0.5000000000000004,0.8660254037844384,4,2.078769890140067,0.0,0.0,1.693143182179389
2025-12-19 23:00:00,8.9,98,100,0.0,1.693143182179389,0.0,-0.25881904510252157,0.9659258262890681,4,1.5882354957843017,0.0,0.0,0.9601157937444769
2025-12-20 00:00:00,8.9,98,100,0.0,0.9601157937444769,0.0,0.0,1.0,5,0.943232897539756,0.0,0.0,0.9350348029314238
2025-12-20 01:00:00,9.0,98,100,0.0,0.9350348029314238,0.0,0.25881904510252074,0.9659258262890683,5,1.1505935144335138,0.0,0.0,0.9759445109820422
2025-12-20 02:00:00,9.1,97,100,0.0,0.9759445109820422,0.0,0.49999999999999994,0.8660254037844387,5,1.0357285903675217,0.0,0.0,0.8777945238752984
2025-12-20 03:00:00,9.1,97,100,0.0,0.8777945238752984,0.0,0.7071067811865476,0.7071067811865476,5,1.0903196444961474,0.0,0.0,0.8472596063799477
2025-12-20 04:00:00,9.0,98,100,0.0,0.8472596063799477,0.0,0.8660254037844386,0.5000000000000001,5,1.1051672531927754,0.0,0.0,0.9770175618101073
2025-12-20 05:00:00,8.9,98,100,0.0,0.9770175618101073,0.0,0.9659258262890683,0.25881904510252074,5,0.894321536860989,0.0,0.0,1.1453050218297947
2025-12-20 06:00:00,9.1,99,100,0.0,1.1453050218297947,0.0,1.0,6.123233995736766e-17,5,1.0911604027867285,0.0,0.004,1.1914108779696937
2025-12-20 07:00:00,9.3,98,100,1.0,1.1914108779696937,0.004,0.9659258262890683,-0.25881904510252063,5,1.0560704180462686,0.008,0.12,0.9357283664751438
2025-12-20 08:00:00,9.8,94,100,30.0,0.9357283664751438,0.12,0.8660254037844387,-0.4999999999999998,5,1.12638206894632,0.248,0.28,1.0502648865262894
2025-12-20 09:00:00,10.3,89,100,70.0,1.0502648865262894,0.28,0.7071067811865476,-0.7071067811865475,5,1.2588569324604786,0.308,0.472,1.0099177271904627
2025-12-20 10:00:00,11.0,83,100,118.0,1.0099177271904627,0.472,0.49999999999999994,-0.8660254037844387,5,0.8645509717972071,0.332,0.496,0.9685612932864496
2025-12-20 11:00:00,11.4,80,100,124.0,0.9685612932864496,0.496,0.258819045102521,-0.9659258262890682,5,1.0820523848867616,0.732,0.472,0.9162377426457752
2025-12-20 12:00:00,11.3,81,100,118.0,0.9162377426457752,0.472,1.2246467991473532e-16,-1.0,5,1.0718199892342057,0.864,0.556,0.9008587991743993
2025-12-20 13:00:00,11.6,79,100,139.0,0.9008587991743993,0.556,-0.2588190451025208,-0.9659258262890683,5,1.0490356582503455,0.664,0.356,0.9959400707636528
2025-12-20 14:00:00,11.0,85,100,89.0,0.9959400707636528,0.356,-0.4999999999999997,-0.8660254037844388,5,1.0566783943049065,0.304,0.28,1.2305102839596058
2025-12-20 15:00:00,10.8,86,100,70.0,1.2305102839596058,0.28,-0.7071067811865471,-0.7071067811865479,5,1.1019282987545742,0.188,0.132,1.33674206751779
2025-12-20 16:00:00,10.3,91,100,33.0,1.33674206751779,0.132,-0.8660254037844385,-0.5000000000000004,5,1.3071316269499977,0.1,0.008,1.7582518432348744
2025-12-20 17:00:00,9.8,86,100,2.0,1.7582518432348744,0.008,-0.9659258262890683,-0.25881904510252063,5,1.593119071120027,0.004,0.0,2.1942268142657024
2025-12-20 18:00:00,9.5,89,100,0.0,2.1942268142657024,0.0,-1.0,-1.8369701987210297e-16,5,2.2351323427020993,0.0,0.0,2.871625595140724
2025-12-20 19:00:00,9.0,93,100,0.0,2.871625595140724,0.0,-0.9659258262890684,0.2588190451025203,5,2.6901189901207263,0.0,0.0,3.0442207581627883
2025-12-20 20:00:00,8.6,94,100,0.0,3.0442207581627883,0.0,-0.8660254037844386,0.5000000000000001,5,3.078175222751721,0.0,0.0,2.715304719233443
2025-12-20 21:00:00,8.3,94,98,0.0,2.715304719233443,0.0,-0.7071067811865477,0.7071067811865474,5,2.817527720660307,0.0,0.0,2.2615712189856474
2025-12-20 22:00:00,7.3,94,50,0.0,2.2615712189856474,0.0,-0.5000000000000004,0.8660254037844384,5,2.302761242144229,0.0,0.0,1.5025363115908401
2025-12-20 23:00:00,6.5,95,99,0.0,1.5025363115908401,0.0,-0.25881904510252157,0.9659258262890681,5,1.693143182179389,0.0,0.0,1.0893501139599775
2025-12-21 00:00:00,6.6,95,72,0.0,1.0893501139599775,0.0,0.0,1.0,6,0.9601157937444769,0.0,0.0,0.9518512448351979
2025-12-21 01:00:00,6.1,96,77,0.0,0.9518512448351979,0.0,0.25881904510252074,0.9659258262890683,6,0.9350348029314238,0.0,0.0,0.7883403250889958
2025-12-21 02:00:00,6.7,93,98,0.0,0.7883403250889958,0.0,0.49999999999999994,0.8660254037844387,6,0.9759445109820422,0.0,0.0,1.009180139679131
2025-12-21 03:00:00,6.6,92,98,0.0,1.009180139679131,0.0,0.7071067811865476,0.7071067811865476,6,0.8777945238752984,0.0,0.0,0.9011764287420421
2025-12-21 04:00:00,6.6,93,99,0.0,0.9011764287420421,0.0,0.8660254037844386,0.5000000000000001,6,0.8472596063799477,0.0,0.0,1.1233065549088552
2025-12-21 05:00:00,7.2,91,89,0.0,1.1233065549088552,0.0,0.9659258262890683,0.25881904510252074,6,0.9770175618101073,0.0,0.0,0.9361479853870385
2025-12-21 06:00:00,6.9,91,100,0.0,0.9361479853870385,0.0,1.0,6.123233995736766e-17,6,1.1453050218297947,0.0,0.004,0.8817918383212359
2025-12-21 07:00:00,7.8,90,100,1.0,0.8817918383212359,0.004,0.9659258262890683,-0.25881904510252063,6,1.1914108779696937,0.004,0.112,0.9433613063810882
2025-12-21 08:00:00,8.4,91,100,28.0,0.9433613063810882,0.112,0.8660254037844387,-0.4999999999999998,6,0.9357283664751438,0.12,0.72,1.0183784214569573
2025-12-21 09:00:00,9.7,82,97,180.0,1.0183784214569573,0.72,0.7071067811865476,-0.7071067811865475,6,1.0502648865262894,0.28,1.196,0.9794011007908499
2025-12-21 10:00:00,10.7,73,95,299.0,0.9794011007908499,1.196,0.49999999999999994,-0.8660254037844387,6,1.0099177271904627,0.472,1.356,1.088457587643618
2025-12-21 11:00:00,11.6,65,71,339.0,1.088457587643618,1.356,0.258819045102521,-0.9659258262890682,6,0.9685612932864496,0.496,1.664,0.8937701886790029
2025-12-21 12:00:00,12.1,65,25,416.0,0.8937701886790029,1.664,1.2246467991473532e-16,-1.0,6,0.9162377426457752,0.472,1.624,1.0356382872785752
2025-12-21 13:00:00,13.0,58,34,406.0,1.0356382872785752,1.624,-0.2588190451025208,-0.9659258262890683,6,0.9008587991743993,0.556,1.26,1.1651194548300001
2025-12-21 14:00:00,13.1,55,39,315.0,1.1651194548300001,1.26,-0.4999999999999997,-0.8660254037844388,6,0.9959400707636528,0.356,0.688,1.1977151060287854
2025-12-21 15:00:00,12.3,58,62,172.0,1.1977151060287854,0.688,-0.7071067811865471,-0.7071067811865479,6,1.2305102839596058,0.28,0.364,1.1724896528211484
2025-12-21 16:00:00,10.5,69,34,91.0,1.1724896528211484,0.364,-0.8660254037844385,-0.5000000000000004,6,1.33674206751779,0.132,0.02,1.5513611765797126
2025-12-21 17:00:00,7.7,82,0,5.0,1.5513611765797126,0.02,-0.9659258262890683,-0.25881904510252063,6,1.7582518432348744,0.008,0.0,2.070007155097893
2025-12-21 18:00:00,6.9,87,0,0.0,2.070007155097893,0.0,-1.0,-1.8369701987210297e-16,6,2.1942268142657024,0.0,0.0,2.997408308907007
2025-12-21 19:00:00,5.9,90,0,0.0,2.997408308907007,0.0,-0.9659258262890684,0.2588190451025203,6,2.871625595140724,0.0,0.0,2.9737976404741007
2025-12-21 20:00:00,5.3,89,0,0.0,2.9737976404741007,0.0,-0.8660254037844386,0.5000000000000001,6,3.0442207581627883,0.0,0.0,2.666037904605602
2025-12-21 21:00:00,4.8,89,0,0.0,2.666037904605602,0.0,-0.7071067811865477,0.7071067811865474,6,2.715304719233443,0.0,0.0,2.364875232978595
2025-12-21 22:00:00,4.4,89,0,0.0,2.364875232978595,0.0,-0.5000000000000004,0.8660254037844384,6,2.2615712189856474,0.0,0.0,1.4287080756174573
2025-12-21 23:00:00,4.1,86,3,0.0,1.4287080756174573,0.0,-0.25881904510252157,0.9659258262890681,6,1.5025363115908401,0.0,0.0,0.9744191156894119
2025-12-22 00:00:00,3.7,90,8,0.0,0.9744191156894119,0.0,0.0,1.0,0,1.0893501139599775,0.0,0.0,1.0707677907128983
2025-12-22 01:00:00,3.6,88,0,0.0,1.0707677907128983,0.0,0.25881904510252074,0.9659258262890683,0,0.9518512448351979,0.0,0.0,1.0460260026468358
2025-12-22 02:00:00,3.8,86,98,0.0,1.0460260026468358,0.0,0.49999999999999994,0.8660254037844387,0,0.7883403250889958,0.0,0.0,1.185052152258839
2025-12-22 03:00:00,3.9,87,97,0.0,1.185052152258839,0.0,0.7071067811865476,0.7071067811865476,0,1.009180139679131,0.0,0.0,1.0132763431695886
2025-12-22 04:00:00,3.6,88,93,0.0,1.0132763431695886,0.0,0.8660254037844386,0.5000000000000001,0,0.9011764287420421,0.0,0.0,1.0209993659703158
2025-12-22 05:00:00,3.1,88,94,0.0,1.0209993659703158,0.0,0.9659258262890683,0.25881904510252074,0,1.1233065549088552,0.0,0.0,1.079932149778171
2025-12-22 06:00:00,2.4,89,100,0.0,1.079932149778171,0.0,1.0,6.123233995736766e-17,0,0.9361479853870385,0.0,0.008,1.0028867540618065
2025-12-22 07:00:00,2.8,89,100,2.0,1.0028867540618065,0.008,0.9659258262890683,-0.25881904510252063,0,0.8817918383212359,0.004,0.324,0.9814089607808268
2025-12-22 08:00:00,5.5,80,100,81.0,0.9814089607808268,0.324,0.8660254037844387,-0.4999999999999998,0,0.9433613063810882,0.112,0.868,0.8846483162196576
2025-12-22 09:00:00,9.2,65,100,217.0,0.8846483162196576,0.868,0.7071067811865476,-0.7071067811865475,0,1.0183784214569573,0.72,1.388,0.991795663120858
2025-12-22 10:00:00,10.9,55,100,347.0,0.991795663120858,1.388,0.49999999999999994,-0.8660254037844387,0,0.9794011007908499,1.196,1.624,0.9830310528904064
2025-12-22 11:00:00,11.5,52,100,406.0,0.9830310528904064,1.624,0.258819045102521,-0.9659258262890682,0,1.088457587643618,1.356,1.332,0.8855078675593224
2025-12-22 12:00:00,10.6,55,45,333.0,0.8855078675593224,1.332,1.2246467991473532e-16,-1.0,0,0.8937701886790029,1.664,1.704,1.049123289289496
2025-12-22 13:00:00,11.4,51,70,426.0,1.049123289289496,1.704,-0.2588190451025208,-0.9659258262890683,0,1.0356382872785752,1.624,1.444,1.1799628942305045
2025-12-22 14:00:00,10.8,54,97,361.0,1.1799628942305045,1.444,-0.4999999999999997,-0.8660254037844388,0,1.1651194548300001,1.26,0.924,1.117443001323566
2025-12-22 15:00:00,9.8,60,99,231.0,1.117443001323566,0.924,-0.7071067811865471,-0.7071067811865479,0,1.1977151060287854,0.688,0.156,1.3258968526839618
2025-12-22 16:00:00,7.0,78,100,39.0,1.3258968526839618,0.156,-0.8660254037844385,-0.5000000000000004,0,1.1724896528211484,0.364,0.008,1.7945184030587764
2025-12-22 17:00:00,4.9,91,100,2.0,1.7945184030587764,0.008,-0.9659258262890683,-0.25881904510252063,0,1.5513611765797126,0.02,0.0,2.050022714814083
2025-12-22 18:00:00,4.3,87,100,0.0,2.050022714814083,0.0,-1.0,-1.8369701987210297e-16,0,2.070007155097893,0.0,0.0,2.591152781712419
2025-12-22 19:00:00,4.0,86,52,0.0,2.591152781712419,0.0,-0.9659258262890684,0.2588190451025203,0,2.997408308907007,0.0,0.0,3.098229675363859
2025-12-22 20:00:00,3.3,85,31,0.0,3.098229675363859,0.0,-0.8660254037844386,0.5000000000000001,0,2.9737976404741007,0.0,0.0,2.849398548448112
2025-12-22 21:00:00,2.4,88,62,0.0,2.849398548448112,0.0,-0.7071067811865477,0.7071067811865474,0,2.666037904605602,0.0,0.0,2.1584727731338043
2025-12-22 22:00:00,2.1,90,20,0.0,2.1584727731338043,0.0,-0.5000000000000004,0.8660254037844384,0,2.364875232978595,0.0,0.0,1.7105620361919684
2025-12-22 23:00:00,2.1,90,25,0.0,1.7105620361919684,0.0,-0.25881904510252157,0.9659258262890681,0,1.4287080756174573,0.0,0.0,1.1202297907872119
2025-12-23 00:00:00,1.7,89,7,0.0,1.1202297907872119,0.0,0.0,1.0,1,0.9744191156894119,0.0,0.0,1.0932129338703773
2025-12-23 01:00:00,1.0,90,7,0.0,1.0932129338703773,0.0,0.25881904510252074,0.9659258262890683,1,1.0707677907128983,0.0,0.0,0.8125444107842157
2025-12-23 02:00:00,1.0,91,20,0.0,0.8125444107842157,0.0,0.49999999999999994,0.8660254037844387,1,1.0460260026468358,0.0,0.0,1.0507406715416838
2025-12-23 03:00:00,1.2,89,92,0.0,1.0507406715416838,0.0,0.7071067811865476,0.7071067811865476,1,1.185052152258839,0.0,0.0,0.9898278485370128
2025-12-23 04:00:00,1.1,89,45,0.0,0.9898278485370128,0.0,0.8660254037844386,0.5000000000000001,1,1.0132763431695886,0.0,0.0,0.9605962258483385
2025-12-23 05:00:00,1.0,90,45,0.0,0.9605962258483385,0.0,0.9659258262890683,0.25881904510252074,1,1.0209993659703158,0.0,0.0,1.083318284120083
2025-12-23 06:00:00,0.9,91,30,0.0,1.083318284120083,0.0,1.0,6.123233995736766e-17,1,1.079932149778171,0.0,0.008,1.101182523680788
2025-12-23 07:00:00,1.2,89,99,2.0,1.101182523680788,0.008,0.9659258262890683,-0.25881904510252063,1,1.0028867540618065,0.008,0.26,1.0672055075837328
2025-12-23 08:00:00,2.9,82,97,65.0,1.0672055075837328,0.26,0.8660254037844387,-0.4999999999999998,1,0.9814089607808268,0.324,0.72,1.0860736913608262
2025-12-23 09:00:00,4.1,75,60,180.0,1.0860736913608262,0.72,0.7071067811865476,-0.7071067811865475,1,0.8846483162196576,0.868,1.42,0.8925918814839403
2025-12-23 10:00:00,5.8,64,48,355.0,0.8925918814839403,1.42,0.49999999999999994,-0.8660254037844387,1,0.991795663120858,1.388,1.92,0.9823785924067971
2025-12-23 11:00:00,6.8,58,52,480.0,0.9823785924067971,1.92,0.258819045102521,-0.9659258262890682,1,0.9830310528904064,1.624,1.868,1.0913938075536185
2025-12-23 12:00:00,7.2,54,45,467.0,1.0913938075536185,1.868,1.2246467991473532e-16,-1.0,1,0.8855078675593224,1.332,1.988,0.9571826390966467
2025-12-23 13:00:00,7.4,52,63,497.0,0.9571826390966467,1.988,-0.2588190451025208,-0.9659258262890683,1,1.049123289289496,1.704,1.652,1.0311035060188583
2025-12-23 14:00:00,7.1,51,12,413.0,1.0311035060188583,1.652,-0.4999999999999997,-0.8660254037844388,1,1.1799628942305045,1.444,1.12,1.007165539572015
2025-12-23 15:00:00,6.1,57,30,280.0,1.007165539572015,1.12,-0.7071067811865471,-0.7071067811865479,1,1.117443001323566,0.924,0.444,1.3508329272031556
2025-12-23 16:00:00,4.9,62,2,111.0,1.3508329272031556,0.444,-0.8660254037844385,-0.5000000000000004,1,1.3258968526839618,0.156,0.024,1.5225073491477419
2025-12-23 17:00:00,3.3,71,2,6.0,1.5225073491477419,0.024,-0.9659258262890683,-0.25881904510252063,1,1.7945184030587764,0.008,0.0,2.0624337837487285
2025-12-23 18:00:00,2.9,78,11,0.0,2.0624337837487285,0.0,-1.0,-1.8369701987210297e-16,1,2.050022714814083,0.0,0.0,2.7841352869219285
2025-12-23 19:00:00,3.1,78,34,0.0,2.7841352869219285,0.0,-0.9659258262890684,0.2588190451025203,1,2.591152781712419,0.0,0.0,3.1133097302404247
2025-12-23 20:00:00,3.3,79,58,0.0,3.1133097302404247,0.0,-0.8660254037844386,0.5000000000000001,1,3.098229675363859,0.0,0.0,2.739058099075241
2025-12-23 21:00:00,3.6,80,100,0.0,2.739058099075241,0.0,-0.7071067811865477,0.7071067811865474,1,2.849398548448112,0.0,0.0,2.197414761216732
2025-12-23 22:00:00,4.3,79,100,0.0,2.197414761216732,0.0,-0.5000000000000004,0.8660254037844384,1,2.1584727731338043,0.0,0.0,1.668028596485926
2025-12-23 23:00:00,4.3,80,100,0.0,1.668028596485926,0.0,-0.25881904510252157,0.9659258262890681,1,1.7105620361919684,0.0,0.0,1.052048953350501
2025-12-24 00:00:00,4.0,80,95,0.0,1.052048953350501,0.0,0.0,1.0,2,1.1202297907872119,0.0,0.0,1.0306839335769242
2025-12-24 01:00:00,4.1,79,79,0.0,1.0306839335769242,0.0,0.25881904510252074,0.9659258262890683,2,1.0932129338703773,0.0,0.0,1.0364583042247928
2025-12-24 02:00:00,3.5,81,93,0.0,1.0364583042247928,0.0,0.49999999999999994,0.8660254037844387,2,0.8125444107842157,0.0,0.0,1.093215149919225
2025-12-24 03:00:00,3.5,80,92,0.0,1.093215149919225,0.0,0.7071067811865476,0.7071067811865476,2,1.0507406715416838,0.0,0.0,0.7559920933066449
2025-12-24 04:00:00,3.2,82,100,0.0,0.7559920933066449,0.0,0.8660254037844386,0.5000000000000001,2,0.9898278485370128,0.0,0.0,1.1094363414910124
2025-12-24 05:00:00,3.6,81,100,0.0,1.1094363414910124,0.0,0.9659258262890683,0.25881904510252074,2,0.9605962258483385,0.0,0.0,1.00711936606609
2025-12-24 06:00:00,3.6,83,98,0.0,1.00711936606609,0.0,1.0,6.123233995736766e-17,2,1.083318284120083,0.0,0.004,1.0151048477193343
2025-12-24 07:00:00,3.9,78,73,1.0,1.0151048477193343,0.004,0.9659258262890683,-0.25881904510252063,2,1.101182523680788,0.008,0.332,0.8925909527953017
2025-12-24 08:00:00,4.9,70,94,83.0,0.8925909527953017,0.332,0.8660254037844387,-0.4999999999999998,2,1.0672055075837328,0.26,0.652,1.0470694252272672
2025-12-24 09:00:00,6.7,68,98,163.0,1.0470694252272672,0.652,0.7071067811865476,-0.7071067811865475,2,1.0860736913608262,0.72,0.92,1.1028766622518993
2025-12-24 10:00:00,7.3,72,98,230.0,1.1028766622518993,0.92,0.49999999999999994,-0.8660254037844387,2,0.8925918814839403,1.42,1.192,1.136550496833872
2025-12-24 11:00:00,7.9,70,100,298.0,1.136550496833872,1.192,0.258819045102521,-0.9659258262890682,2,0.9823785924067971,1.92,0.948,1.1444228604745137
2025-12-24 12:00:00,7.7,70,98,237.0,1.1444228604745137,0.948,1.2246467991473532e-16,-1.0,2,1.0913938075536185,1.868,0.916,0.974387777087574
2025-12-24 13:00:00,7.9,70,82,229.0,0.974387777087574,0.916,-0.2588190451025208,-0.9659258262890683,2,0.9571826390966467,1.988,0.972,1.275844382385265
2025-12-24 14:00:00,8.5,67,47,243.0,1.275844382385265,0.972,-0.4999999999999997,-0.8660254037844388,2,1.0311035060188583,1.652,0.768,1.1408032721234074
2025-12-24 15:00:00,8.6,66,38,192.0,1.1408032721234074,0.768,-0.7071067811865471,-0.7071067811865479,2,1.007165539572015,1.12,0.332,1.1682306166930414
2025-12-24 16:00:00,7.8,71,52,83.0,1.1682306166930414,0.332,-0.8660254037844385,-0.5000000000000004,2,1.3508329272031556,0.444,0.02,1.6823843060395196
2025-12-24 17:00:00,6.4,79,84,5.0,1.6823843060395196,0.02,-0.9659258262890683,-0.25881904510252063,2,1.5225073491477419,0.024,0.0,2.270784231150433
2025-12-24 18:00:00,6.7,80,76,0.0,2.270784231150433,0.0,-1.0,-1.8369701987210297e-16,2,2.0624337837487285,0.0,0.0,2.72972829919003
2025-12-24 19:00:00,6.3,81,59,0.0,2.72972829919003,0.0,-0.9659258262890684,0.2588190451025203,2,2.7841352869219285,0.0,0.0,2.9685537808968814
2025-12-24 20:00:00,6.0,83,100,0.0,2.9685537808968814,0.0,-0.8660254037844386,0.5000000000000001,2,3.1133097302404247,0.0,0.0,2.815149132650357
2025-12-24 21:00:00,6.2,83,92,0.0,2.815149132650357,0.0,-0.7071067811865477,0.7071067811865474,2,2.739058099075241,0.0,0.0,2.3249120134315127
2025-12-24 22:00:00,6.5,82,80,0.0,2.3249120134315127,0.0,-0.5000000000000004,0.8660254037844384,2,2.197414761216732,0.0,0.0,1.6897788531497537
2025-12-24 23:00:00,6.4,84,95,0.0,1.6897788531497537,0.0,-0.25881904510252157,0.9659258262890681,2,1.668028596485926,0.0,0.0,0.9910886682209632
2025-12-25 00:00:00,6.5,85,77,0.0,0.9910886682209632,0.0,0.0,1.0,3,1.052048953350501,0.0,0.0,1.0404289512258618
2025-12-25 01:00:00,6.6,84,54,0.0,1.0404289512258618,0.0,0.25881904510252074,0.9659258262890683,3,1.0306839335769242,0.0,0.0,0.9803665083048113
2025-12-25 02:00:00,6.4,83,45,0.0,0.9803665083048113,0.0,0.49999999999999994,0.8660254037844387,3,1.0364583042247928,0.0,0.0,0.9439566483850406
2025-12-25 03:00:00,6.2,84,100,0.0,0.9439566483850406,0.0,0.7071067811865476,0.7071067811865476,3,1.093215149919225,0.0,0.0,1.0255856644935777
2025-12-25 04:00:00,5.5,88,100,0.0,1.0255856644935777,0.0,0.8660254037844386,0.5000000000000001,3,0.7559920933066449,0.0,0.0,1.1244187418517564
2025-12-25 05:00:00,5.5,88,100,0.0,1.1244187418517564,0.0,0.9659258262890683,0.25881904510252074,3,1.1094363414910124,0.0,0.0,0.9787402733942051
2025-12-25 06:00:00,5.5,89,95,0.0,0.9787402733942051,0.0,1.0,6.123233995736766e-17,3,1.00711936606609,0.0,0.004,0.9837913101262961
2025-12-25 07:00:00,5.9,86,86,1.0,0.9837913101262961,0.004,0.9659258262890683,-0.25881904510252063,3,1.0151048477193343,0.004,0.256,1.0497752138389034
2025-12-25 08:00:00,5.8,91,43,64.0,1.0497752138389034,0.256,0.8660254037844387,-0.4999999999999998,3,0.8925909527953017,0.332,0.832,0.9757470850762535
2025-12-25 09:00:00,8.1,85,32,208.0,0.9757470850762535,0.832,0.7071067811865476,-0.7071067811865475,3,1.0470694252272672,0.652,1.532,0.7327388891538652
2025-12-25 10:00:00,10.8,69,62,383.0,0.7327388891538652,1.532,0.49999999999999994,-0.8660254037844387,3,1.1028766622518993,0.92,1.744,1.1383290384708824
2025-12-25 11:00:00,12.7,44,52,436.0,1.1383290384708824,1.744,0.258819045102521,-0.9659258262890682,3,1.136550496833872,1.192,2.008,1.0216488288860632
2025-12-25 12:00:00,12.9,42,68,502.0,1.0216488288860632,2.008,1.2246467991473532e-16,-1.0,3,1.1444228604745137,0.948,1.884,1.0221482778982285
2025-12-25 13:00:00,12.9,39,49,471.0,1.0221482778982285,1.884,-0.2588190451025208,-0.9659258262890683,3,0.974387777087574,0.916,1.568,1.0253795618010835
2025-12-25 14:00:00,12.5,37,1,392.0,1.0253795618010835,1.568,-0.4999999999999997,-0.8660254037844388,3,1.275844382385265,0.972,1.132,1.2226178750715524
2025-12-25 15:00:00,11.9,39,3,283.0,1.2226178750715524,1.132,-0.7071067811865471,-0.7071067811865479,3,1.1408032721234074,0.768,0.48,1.3930406703103826
2025-12-25 16:00:00,10.1,46,8,120.0,1.3930406703103826,0.48,-0.8660254037844385,-0.5000000000000004,3,1.1682306166930414,0.332,0.028,1.6754838346509067
2025-12-25 17:00:00,7.7,54,9,7.0,1.6754838346509067,0.028,-0.9659258262890683,-0.25881904510252063,3,1.6823843060395196,0.02,0.0,2.113772405226579
2025-12-25 18:00:00,6.2,62,34,0.0,2.113772405226579,0.0,-1.0,-1.8369701987210297e-16,3,2.270784231150433,0.0,0.0,2.7847128963148724
2025-12-25 19:00:00,6.1,62,93,0.0,2.7847128963148724,0.0,-0.9659258262890684,0.2588190451025203,3,2.72972829919003,0.0,0.0,2.9901357238841975
2025-12-25 20:00:00,5.9,62,100,0.0,2.9901357238841975,0.0,-0.8660254037844386,0.5000000000000001,3,2.9685537808968814,0.0,0.0,2.89784777633507
2025-12-25 21:00:00,6.6,60,99,0.0,2.89784777633507,0.0,-0.7071067811865477,0.7071067811865474,3,2.815149132650357,0.0,0.0,2.1359284520739448
2025-12-25 22:00:00,5.6,64,84,0.0,2.1359284520739448,0.0,-0.5000000000000004,0.8660254037844384,3,2.3249120134315127,0.0,0.0,1.6471516597255036
2025-12-25 23:00:00,4.9,67,95,0.0,1.6471516597255036,0.0,-0.25881904510252157,0.9659258262890681,3,1.6897788531497537,0.0,0.0,1.07924432257028
2025-12-26 00:00:00,3.6,79,83,0.0,1.07924432257028,0.0,0.0,1.0,4,0.9910886682209632,0.0,0.0,0.9465164324154426
2025-12-26 01:00:00,4.3,75,100,0.0,0.9465164324154426,0.0,0.25881904510252074,0.9659258262890683,4,1.0404289512258618,0.0,0.0,1.1392298644465026
2025-12-26 02:00:00,4.2,75,100,0.0,1.1392298644465026,0.0,0.49999999999999994,0.8660254037844387,4,0.9803665083048113,0.0,0.0,0.9416985271342663
2025-12-26 03:00:00,3.7,80,100,0.0,0.9416985271342663,0.0,0.7071067811865476,0.7071067811865476,4,0.9439566483850406,0.0,0.0,0.95210674496046
2025-12-26 04:00:00,3.0,86,100,0.0,0.95210674496046,0.0,0.8660254037844386,0.5000000000000001,4,1.0255856644935777,0.0,0.0,1.1290267385399226
2025-12-26 05:00:00,2.1,89,100,0.0,1.1290267385399226,0.0,0.9659258262890683,0.25881904510252074,4,1.1244187418517564,0.0,0.0,1.0298553105154828
2025-12-26 06:00:00,2.2,89,98,0.0,1.0298553105154828,0.0,1.0,6.123233995736766e-17,4,0.9787402733942051,0.0,0.008,0.9991642843476033
2025-12-26 07:00:00,2.5,89,97,2.0,0.9991642843476033,0.008,0.9659258262890683,-0.25881904510252063,4,0.9837913101262961,0.004,0.224,0.9111342322913696
2025-12-26 08:00:00,4.3,89,92,56.0,0.9111342322913696,0.224,0.8660254037844387,-0.4999999999999998,4,1.0497752138389034,0.256,0.684,1.0705245075397756
2025-12-26 09:00:00,6.3,74,99,171.0,1.0705245075397756,0.684,0.7071067811865476,-0.7071067811865475,4,0.9757470850762535,0.832,0.884,0.8339229580323521
2025-12-26 10:00:00,6.2,77,100,221.0,0.8339229580323521,0.884,0.49999999999999994,-0.8660254037844387,4,0.7327388891538652,1.532,0.736,1.0142322137893456
2025-12-26 11:00:00,5.8,80,94,184.0,1.0142322137893456,0.736,0.258819045102521,-0.9659258262890682,4,1.1383290384708824,1.744,1.46,1.0752212402521228
2025-12-26 12:00:00,4.8,90,100,365.0,1.0752212402521228,1.46,1.2246467991473532e-16,-1.0,4,1.0216488288860632,2.008,0.656,0.9381589479972152
2025-12-26 13:00:00,5.6,84,38,164.0,0.9381589479972152,0.656,-0.2588190451025208,-0.9659258262890683,4,1.0221482778982285,1.884,1.38,1.024656590774484
2025-12-26 14:00:00,7.4,72,20,345.0,1.024656590774484,1.38,-0.4999999999999997,-0.8660254037844388,4,1.0253795618010835,1.568,1.02,0.9694157141335951
2025-12-26 15:00:00,7.7,69,73,255.0,0.9694157141335951,1.02,-0.7071067811865471,-0.7071067811865479,4,1.2226178750715524,1.132,0.32,1.038292559577822
2025-12-26 16:00:00,6.7,76,12,80.0,1.038292559577822,0.32,-0.8660254037844385,-0.5000000000000004,4,1.3930406703103826,0.48,0.028,1.5813367234074052
2025-12-26 17:00:00,4.1,88,19,7.0,1.5813367234074052,0.028,-0.9659258262890683,-0.25881904510252063,4,1.6754838346509067,0.028,0.0,2.1849652721934483
2025-12-26 18:00:00,6.1,86,93,0.0,2.1849652721934483,0.0,-1.0,-1.8369701987210297e-16,4,2.113772405226579,0.0,0.0,2.6806904530909557
2025-12-26 19:00:00,5.4,86,63,0.0,2.6806904530909557,0.0,-0.9659258262890684,0.2588190451025203,4,2.7847128963148724,0.0,0.0,2.998683024590304
2025-12-26 20:00:00,4.6,87,20,0.0,2.998683024590304,0.0,-0.8660254037844386,0.5000000000000001,4,2.9901357238841975,0.0,0.0,2.7277575534257887
2025-12-26 21:00:00,4.1,88,23,0.0,2.7277575534257887,0.0,-0.7071067811865477,0.7071067811865474,4,2.89784777633507,0.0,0.0,2.026516221659964
2025-12-26 22:00:00,3.3,90,21,0.0,2.026516221659964,0.0,-0.5000000000000004,0.8660254037844384,4,2.1359284520739448,0.0,0.0,1.673769706756211
2025-12-26 23:00:00,2.2,92,16,0.0,1.673769706756211,0.0,-0.25881904510252157,0.9659258262890681,4,1.6471516597255036,0.0,0.0,0.9561199619418519
2025-12-27 00:00:00,2.1,87,0,0.0,0.9561199619418519,0.0,0.0,1.0,5,1.07924432257028,0.0,0.0,0.8364273939192807
2025-12-27 01:00:00,1.2,89,1,0.0,0.8364273939192807,0.0,0.25881904510252074,0.9659258262890683,5,0.9465164324154426,0.0,0.0,1.1199211737878527
2025-12-27 02:00:00,0.6,91,21,0.0,1.1199211737878527,0.0,0.49999999999999994,0.8660254037844387,5,1.1392298644465026,0.0,0.0,1.0648378558979639
2025-12-27 03:00:00,-0.4,93,49,0.0,1.0648378558979639,0.0,0.7071067811865476,0.7071067811865476,5,0.9416985271342663,0.0,0.0,1.0350987581742532
2025-12-27 04:00:00,-1.0,94,70,0.0,1.0350987581742532,0.0,0.8660254037844386,0.5000000000000001,5,0.95210674496046,0.0,0.0,0.91059575452345
2025-12-27 05:00:00,-1.3,95,70,0.0,0.91059575452345,0.0,0.9659258262890683,0.25881904510252074,5,1.1290267385399226,0.0,0.0,0.9514536674658323
2025-12-27 06:00:00,0.3,92,15,0.0,0.9514536674658323,0.0,1.0,6.123233995736766e-17,5,1.0298553105154828,0.0,0.008,0.9497243238874058
2025-12-27 07:00:00,0.6,91,48,2.0,0.9497243238874058,0.008,0.9659258262890683,-0.25881904510252063,5,0.9991642843476033,0.008,0.328,1.0362338320831674
2025-12-27 08:00:00,3.3,89,100,82.0,1.0362338320831674,0.328,0.8660254037844387,-0.4999999999999998,5,0.9111342322913696,0.224,0.788,1.1931371502940282
2025-12-27 09:00:00,6.0,79,64,197.0,1.1931371502940282,0.788,0.7071067811865476,-0.7071067811865475,5,1.0705245075397756,0.684,1.456,0.9083490587865513
2025-12-27 10:00:00,8.0,68,13,364.0,0.9083490587865513,1.456,0.49999999999999994,-0.8660254037844387,5,0.8339229580323521,0.884,1.948,1.0426865205548992
2025-12-27 11:00:00,9.3,63,52,487.0,1.0426865205548992,1.948,0.258819045102521,-0.9659258262890682,5,1.0142322137893456,0.736,2.028,0.9718174384142887
2025-12-27 12:00:00,10.4,60,98,507.0,0.9718174384142887,2.028,1.2246467991473532e-16,-1.0,5,1.0752212402521228,1.46,1.76,0.942851976748291
2025-12-27 13:00:00,11.3,57,95,440.0,0.942851976748291,1.76,-0.2588190451025208,-0.9659258262890683,5,0.9381589479972152,0.656,1.26,0.9352400757487608
2025-12-27 14:00:00,11.4,55,95,315.0,0.9352400757487608,1.26,-0.4999999999999997,-0.8660254037844388,5,1.024656590774484,1.38,0.94,1.2768383169539883
2025-12-27 15:00:00,10.8,51,96,235.0,1.2768383169539883,0.94,-0.7071067811865471,-0.7071067811865479,5,0.9694157141335951,1.02,0.348,1.4743664334664432
2025-12-27 16:00:00,8.3,72,62,87.0,1.4743664334664432,0.348,-0.8660254037844385,-0.5000000000000004,5,1.038292559577822,0.32,0.028,1.6880319270990554
2025-12-27 17:00:00,5.8,77,2,7.0,1.6880319270990554,0.028,-0.9659258262890683,-0.25881904510252063,5,1.5813367234074052,0.028,0.0,2.299749811456516
2025-12-27 18:00:00,5.4,80,20,0.0,2.299749811456516,0.0,-1.0,-1.8369701987210297e-16,5,2.1849652721934483,0.0,0.0,2.7955705076316213
2025-12-27 19:00:00,4.2,84,43,0.0,2.7955705076316213,0.0,-0.9659258262890684,0.2588190451025203,5,2.6806904530909557,0.0,0.0,2.970609636872222
2025-12-27 20:00:00,2.9,91,63,0.0,2.970609636872222,0.0,-0.8660254037844386,0.5000000000000001,5,2.998683024590304,0.0,0.0,2.875790074024457
2025-12-27 21:00:00,1.6,95,0,0.0,2.875790074024457,0.0,-0.7071067811865477,0.7071067811865474,5,2.7277575534257887,0.0,0.0,2.374098329823279
2025-12-27 22:00:00,0.6,96,1,0.0,2.374098329823279,0.0,-0.5000000000000004,0.8660254037844384,5,2.026516221659964,0.0,0.0,1.758872625929071
2025-12-27 23:00:00,-0.1,96,2,0.0,1.758872625929071,0.0,-0.25881904510252157,0.9659258262890681,5,1.673769706756211,0.0,0.0,0.8808831906613968
2025-12-28 00:00:00,0.0,95,0,0.0,0.8808831906613968,0.0,0.0,1.0,6,0.9561199619418519,0.0,0.0,0.9457723513040972
2025-12-28 01:00:00,-0.2,95,0,0.0,0.9457723513040972,0.0,0.25881904510252074,0.9659258262890683,6,0.8364273939192807,0.0,0.0,0.8413419419630115
2025-12-28 02:00:00,-0.5,96,0,0.0,0.8413419419630115,0.0,0.49999999999999994,0.8660254037844387,6,1.1199211737878527,0.0,0.0,0.776777173231151
2025-12-28 03:00:00,-0.3,94,0,0.0,0.776777173231151,0.0,0.7071067811865476,0.7071067811865476,6,1.0648378558979639,0.0,0.0,1.151723374120163
2025-12-28 04:00:00,0.1,92,0,0.0,1.151723374120163,0.0,0.8660254037844386,0.5000000000000001,6,1.0350987581742532,0.0,0.0,0.9384736633763467
2025-12-28 05:00:00,0.7,90,0,0.0,0.9384736633763467,0.0,0.9659258262890683,0.25881904510252074,6,0.91059575452345,0.0,0.0,1.0517398580701574
2025-12-28 06:00:00,0.5,91,0,0.0,1.0517398580701574,0.0,1.0,6.123233995736766e-17,6,0.9514536674658323,0.0,0.008,1.2800623965044513
2025-12-28 07:00:00,0.7,92,0,2.0,1.2800623965044513,0.008,0.9659258262890683,-0.25881904510252063,6,0.9497243238874058,0.008,0.356,1.0363532278610268
2025-12-28 08:00:00,3.5,86,6,89.0,1.0363532278610268,0.356,0.8660254037844387,-0.4999999999999998,6,1.0362338320831674,0.328,0.988,0.9894368437554178
2025-12-28 09:00:00,7.4,75,9,247.0,0.9894368437554178,0.988,0.7071067811865476,-0.7071067811865475,6,1.1931371502940282,0.788,1.552,0.991588617959119
2025-12-28 10:00:00,10.0,63,5,388.0,0.991588617959119,1.552,0.49999999999999994,-0.8660254037844387,6,0.9083490587865513,1.456,1.968,0.9831816199202504
2025-12-28 11:00:00,11.3,55,7,492.0,0.9831816199202504,1.968,0.258819045102521,-0.9659258262890682,6,1.0426865205548992,1.948,2.144,0.9247523019241181
2025-12-28 12:00:00,12.1,48,2,536.0,0.9247523019241181,2.144,1.2246467991473532e-16,-1.0,6,0.9718174384142887,2.028,2.028,1.0296539791826151
2025-12-28 13:00:00,12.7,44,13,507.0,1.0296539791826151,2.028,-0.2588190451025208,-0.9659258262890683,6,0.942851976748291,1.76,1.648,1.0721376271166374
2025-12-28 14:00:00,12.2,44,18,412.0,1.0721376271166374,1.648,-0.4999999999999997,-0.8660254037844388,6,0.9352400757487608,1.26,1.152,1.080163476314513
2025-12-28 15:00:00,11.1,46,20,288.0,1.080163476314513,1.152,-0.7071067811865471,-0.7071067811865479,6,1.2768383169539883,0.94,0.488,1.4053895170833717
2025-12-28 16:00:00,9.2,57,9,122.0,1.4053895170833717,0.488,-0.8660254037844385,-0.5000000000000004,6,1.4743664334664432,0.348,0.032,1.676994558052429
2025-12-28 17:00:00,6.5,70,3,8.0,1.676994558052429,0.032,-0.9659258262890683,-0.25881904510252063,6,1.6880319270990554,0.028,0.0,2.1309253891414595
2025-12-28 18:00:00,4.9,80,61,0.0,2.1309253891414595,0.0,-1.0,-1.8369701987210297e-16,6,2.299749811456516,0.0,0.0,2.867620706422115
2025-12-28 19:00:00,5.6,78,79,0.0,2.867620706422115,0.0,-0.9659258262890684,0.2588190451025203,6,2.7955705076316213,0.0,0.0,3.154818179654014
2025-12-28 20:00:00,5.2,80,86,0.0,3.154818179654014,0.0,-0.8660254037844386,0.5000000000000001,6,2.970609636872222,0.0,0.0,2.596714316391244
2025-12-28 21:00:00,4.8,81,96,0.0,2.596714316391244,0.0,-0.7071067811865477,0.7071067811865474,6,2.875790074024457,0.0,0.0,2.336968998332565
2025-12-28 22:00:00,4.6,81,61,0.0,2.336968998332565,0.0,-0.5000000000000004,0.8660254037844384,6,2.374098329823279,0.0,0.0,1.8078424166599456
2025-12-28 23:00:00,3.4,86,70,0.0,1.8078424166599456,0.0,-0.25881904510252157,0.9659258262890681,6,1.758872625929071,0.0,0.0,1.1182393357675027
2025-12-29 00:00:00,3.4,89,90,0.0,1.1182393357675027,0.0,0.0,1.0,0,0.8808831906613968,0.0,0.0,1.040642353717164
2025-12-29 01:00:00,2.3,91,44,0.0,1.040642353717164,0.0,0.25881904510252074,0.9659258262890683,0,0.9457723513040972,0.0,0.0,1.0656770175144872
2025-12-29 02:00:00,1.3,93,73,0.0,1.0656770175144872,0.0,0.49999999999999994,0.8660254037844387,0,0.8413419419630115,0.0,0.0,0.8946588607716712
2025-12-29 03:00:00,0.9,93,37,0.0,0.8946588607716712,0.0,0.7071067811865476,0.7071067811865476,0,0.776777173231151,0.0,0.0,0.9109761488158625
2025-12-29 04:00:00,0.2,94,58,0.0,0.9109761488158625,0.0,0.8660254037844386,0.5000000000000001,0,1.151723374120163,0.0,0.0,1.0012232323989525
2025-12-29 05:00:00,-0.2,94,37,0.0,1.0012232323989525,0.0,0.9659258262890683,0.25881904510252074,0,0.9384736633763467,0.0,0.0,0.9543094752248997
2025-12-29 06:00:00,-0.5,95,75,0.0,0.9543094752248997,0.0,1.0,6.123233995736766e-17,0,1.0517398580701574,0.0,0.004,1.0556648279020515
2025-12-29 07:00:00,-0.3,96,66,1.0,1.0556648279020515,0.004,0.9659258262890683,-0.25881904510252063,0,1.2800623965044513,0.008,0.344,0.9246875027229254
2025-12-29 08:00:00,3.3,85,100,86.0,0.9246875027229254,0.344,0.8660254037844387,-0.4999999999999998,0,1.0363532278610268,0.356,0.844,0.9466110917932681
2025-12-29 09:00:00,7.2,70,100,211.0,0.9466110917932681,0.844,0.7071067811865476,-0.7071067811865475,0,0.9894368437554178,0.988,1.024,0.9146536149226556
2025-12-29 10:00:00,8.4,61,100,256.0,0.9146536149226556,1.024,0.49999999999999994,-0.8660254037844387,0,0.991588617959119,1.552,1.5,1.0690906821117718
2025-12-29 11:00:00,9.6,53,77,375.0,1.0690906821117718,1.5,0.258819045102521,-0.9659258262890682,0,0.9831816199202504,1.968,1.976,0.9967731063918966
2025-12-29 12:00:00,10.1,48,70,494.0,0.9967731063918966,1.976,1.2246467991473532e-16,-1.0,0,0.9247523019241181,2.144,1.7,0.9328694351683133
2025-12-29 13:00:00,10.3,46,100,425.0,0.9328694351683133,1.7,-0.2588190451025208,-0.9659258262890683,0,1.0296539791826151,2.028,0.968,1.1488427368310465
2025-12-29 14:00:00,9.8,49,100,242.0,1.1488427368310465,0.968,-0.4999999999999997,-0.8660254037844388,0,1.0721376271166374,1.648,0.74,1.0588931898198541
2025-12-29 15:00:00,9.5,53,81,185.0,1.0588931898198541,0.74,-0.7071067811865471,-0.7071067811865479,0,1.080163476314513,1.152,0.428,1.3649651515179573
2025-12-29 16:00:00,7.8,63,83,107.0,1.3649651515179573,0.428,-0.8660254037844385,-0.5000000000000004,0,1.4053895170833717,0.488,0.032,1.683362546399728
2025-12-29 17:00:00,5.1,77,50,8.0,1.683362546399728,0.032,-0.9659258262890683,-0.25881904510252063,0,1.676994558052429,0.032,0.0,2.2305687393973987
2025-12-29 18:00:00,4.8,83,5,0.0,2.2305687393973987,0.0,-1.0,-1.8369701987210297e-16,0,2.1309253891414595,0.0,0.0,2.8168754451779128
2025-12-29 19:00:00,3.3,91,21,0.0,2.8168754451779128,0.0,-0.9659258262890684,0.2588190451025203,0,2.867620706422115,0.0,0.0,3.1173207004356334
2025-12-29 20:00:00,2.3,94,9,0.0,3.1173207004356334,0.0,-0.8660254037844386,0.5000000000000001,0,3.154818179654014,0.0,0.0,2.8123448871429035
2025-12-29 21:00:00,1.5,95,2,0.0,2.8123448871429035,0.0,-0.7071067811865477,0.7071067811865474,0,2.596714316391244,0.0,0.0,2.426596990809595
2025-12-29 22:00:00,1.0,95,2,0.0,2.426596990809595,0.0,-0.5000000000000004,0.8660254037844384,0,2.336968998332565,0.0,0.0,1.4350297188788195
2025-12-29 23:00:00,0.8,95,0,0.0,1.4350297188788195,0.0,-0.25881904510252157,0.9659258262890681,0,1.8078424166599456,0.0,0.0,1.0361089120316933
2025-12-30 00:00:00,0.8,93,9,0.0,1.0361089120316933,0.0,0.0,1.0,1,1.1182393357675027,0.0,0.0,0.9849216104021778
2025-12-30 01:00:00,0.9,93,23,0.0,0.9849216104021778,0.0,0.25881904510252074,0.9659258262890683,1,1.040642353717164,0.0,0.0,0.9605860888645226
2025-12-30 02:00:00,1.2,92,3,0.0,0.9605860888645226,0.0,0.49999999999999994,0.8660254037844387,1,1.0656770175144872,0.0,0.0,0.993991051832951
2025-12-30 03:00:00,0.9,92,5,0.0,0.993991051832951,0.0,0.7071067811865476,0.7071067811865476,1,0.8946588607716712,0.0,0.0,1.0335358068371598
2025-12-30 04:00:00,0.4,92,3,0.0,1.0335358068371598,0.0,0.8660254037844386,0.5000000000000001,1,0.9109761488158625,0.0,0.0,1.1044887279998339
2025-12-30 05:00:00,0.0,93,2,0.0,1.1044887279998339,0.0,0.9659258262890683,0.25881904510252074,1,1.0012232323989525,0.0,0.0,1.183832300325895
2025-12-30 06:00:00,0.4,92,2,0.0,1.183832300325895,0.0,1.0,6.123233995736766e-17,1,0.9543094752248997,0.0,0.004,0.9892971950181103
2025-12-30 07:00:00,0.3,93,1,1.0,0.9892971950181103,0.004,0.9659258262890683,-0.25881904510252063,1,1.0556648279020515,0.004,0.356,0.9827672356376213
2025-12-30 08:00:00,3.2,88,0,89.0,0.9827672356376213,0.356,0.8660254037844387,-0.4999999999999998,1,0.9246875027229254,0.344,1.016,1.1771914854364627
2025-12-30 09:00:00,7.3,73,0,254.0,1.1771914854364627,1.016,0.7071067811865476,-0.7071067811865475,1,0.9466110917932681,0.844,1.584,0.938311639155832
2025-12-30 10:00:00,8.9,63,0,396.0,0.938311639155832,1.584,0.49999999999999994,-0.8660254037844387,1,0.9146536149226556,1.024,1.904,0.8874176122693457
2025-12-30 11:00:00,9.8,56,0,476.0,0.8874176122693457,1.904,0.258819045102521,-0.9659258262890682,1,1.0690906821117718,1.5,2.12,0.98885446296539
2025-12-30 12:00:00,10.5,51,44,530.0,0.98885446296539,2.12,1.2246467991473532e-16,-1.0,1,0.9967731063918966,1.976,1.724,0.993769424500035
2025-12-30 13:00:00,10.9,48,39,431.0,0.993769424500035,1.724,-0.2588190451025208,-0.9659258262890683,1,0.9328694351683133,1.7,1.36,1.0784566841193923
2025-12-30 14:00:00,10.6,49,95,340.0,1.0784566841193923,1.36,-0.4999999999999997,-0.8660254037844388,1,1.1488427368310465,0.968,0.52,1.0534947942582151
2025-12-30 15:00:00,9.9,52,63,130.0,1.0534947942582151,0.52,-0.7071067811865471,-0.7071067811865479,1,1.0588931898198541,0.74,0.336,1.156831806318273
2025-12-30 16:00:00,8.8,59,39,84.0,1.156831806318273,0.336,-0.8660254037844385,-0.5000000000000004,1,1.3649651515179573,0.428,0.032,1.6724913841911364
2025-12-30 17:00:00,6.3,71,46,8.0,1.6724913841911364,0.032,-0.9659258262890683,-0.25881904510252063,1,1.683362546399728,0.032,0.0,2.0755732715585666
2025-12-30 18:00:00,5.6,80,50,0.0,2.0755732715585666,0.0,-1.0,-1.8369701987210297e-16,1,2.2305687393973987,0.0,0.0,2.701174753761614
2025-12-30 19:00:00,5.7,82,31,0.0,2.701174753761614,0.0,-0.9659258262890684,0.2588190451025203,1,2.8168754451779128,0.0,0.0,2.878535134678979
2025-12-30 20:00:00,5.2,86,27,0.0,2.878535134678979,0.0,-0.8660254037844386,0.5000000000000001,1,3.1173207004356334,0.0,0.0,2.677832729731902
2025-12-30 21:00:00,4.7,87,7,0.0,2.677832729731902,0.0,-0.7071067811865477,0.7071067811865474,1,2.8123448871429035,0.0,0.0,2.234805501509945
2025-12-30 22:00:00,3.8,89,12,0.0,2.234805501509945,0.0,-0.5000000000000004,0.8660254037844384,1,2.426596990809595,0.0,0.0,1.595920589659343
2025-12-30 23:00:00,2.9,91,4,0.0,1.595920589659343,0.0,-0.25881904510252157,0.9659258262890681,1,1.4350297188788195,0.0,0.0,1.1143790994625125
2025-12-31 00:00:00,3.2,90,2,0.0,1.1143790994625125,0.0,0.0,1.0,2,1.0361089120316933,0.0,0.0,0.9827523576677256
2025-12-31 01:00:00,2.8,92,4,0.0,0.9827523576677256,0.0,0.25881904510252074,0.9659258262890683,2,0.9849216104021778,0.0,0.0,0.8236779430808306
2025-12-31 02:00:00,2.1,93,8,0.0,0.8236779430808306,0.0,0.49999999999999994,0.8660254037844387,2,0.9605860888645226,0.0,0.0,1.0008959833965867
2025-12-31 03:00:00,1.4,93,16,0.0,1.0008959833965867,0.0,0.7071067811865476,0.7071067811865476,2,0.993991051832951,0.0,0.0,1.0945081232164873
2025-12-31 04:00:00,0.9,94,23,0.0,1.0945081232164873,0.0,0.8660254037844386,0.5000000000000001,2,1.0335358068371598,0.0,0.0,0.7842411814993593
2025-12-31 05:00:00,0.3,95,29,0.0,0.7842411814993593,0.0,0.9659258262890683,0.25881904510252074,2,1.1044887279998339,0.0,0.0,0.9837693690071464
2025-12-31 06:00:00,1.6,92,16,0.0,0.9837693690071464,0.0,1.0,6.123233995736766e-17,2,1.183832300325895,0.0,0.004,0.8893075400700893
2025-12-31 07:00:00,0.5,96,30,1.0,0.8893075400700893,0.004,0.9659258262890683,-0.25881904510252063,2,0.9892971950181103,0.004,0.324,0.9610109021254205
2025-12-31 08:00:00,2.8,93,34,81.0,0.9610109021254205,0.324,0.8660254037844387,-0.4999999999999998,2,0.9827672356376213,0.356,0.944,0.901028252933709
2025-12-31 09:00:00,7.4,76,0,236.0,0.901028252933709,0.944,0.7071067811865476,-0.7071067811865475,2,1.1771914854364627,1.016,1.56,1.0145719911896143
2025-12-31 10:00:00,9.2,63,0,390.0,1.0145719911896143,1.56,0.49999999999999994,-0.8660254037844387,2,0.938311639155832,1.584,1.984,1.0381433106537798
2025-12-31 11:00:00,10.4,56,0,496.0,1.0381433106537798,1.984,0.258819045102521,-0.9659258262890682,2,0.8874176122693457,1.904,2.0,1.039474223661913
2025-12-31 12:00:00,10.8,52,24,500.0,1.039474223661913,2.0,1.2246467991473532e-16,-1.0,2,0.98885446296539,2.12,1.78,0.8947650235607101
2025-12-31 13:00:00,11.4,47,52,445.0,0.8947650235607101,1.78,-0.2588190451025208,-0.9659258262890683,2,0.993769424500035,1.724,1.268,1.0049880789031735
2025-12-31 14:00:00,11.3,46,51,317.0,1.0049880789031735,1.268,-0.4999999999999997,-0.8660254037844388,2,1.0784566841193923,1.36,0.968,0.9841650435498865
2025-12-31 15:00:00,10.8,47,29,242.0,0.9841650435498865,0.968,-0.7071067811865471,-0.7071067811865479,2,1.0534947942582151,0.52,0.404,1.2297734619046903
2025-12-31 16:00:00,9.3,54,6,101.0,1.2297734619046903,0.404,-0.8660254037844385,-0.5000000000000004,2,1.156831806318273,0.336,0.032,1.6633489931255943
2025-12-31 17:00:00,7.0,64,6,8.0,1.6633489931255943,0.032,-0.9659258262890683,-0.25881904510252063,2,1.6724913841911364,0.032,0.0,2.258991721166401
2025-12-31 18:00:00,5.7,73,6,0.0,2.258991721166401,0.0,-1.0,-1.8369701987210297e-16,2,2.0755732715585666,0.0,0.0,2.6522746335900176
2025-12-31 19:00:00,5.3,78,2,0.0,2.6522746335900176,0.0,-0.9659258262890684,0.2588190451025203,2,2.701174753761614,0.0,0.0,3.055916190350333
2025-12-31 20:00:00,3.8,85,6,0.0,3.055916190350333,0.0,-0.8660254037844386,0.5000000000000001,2,2.878535134678979,0.0,0.0,2.5974551939285737
2025-12-31 21:00:00,3.1,87,8,0.0,2.5974551939285737,0.0,-0.7071067811865477,0.7071067811865474,2,2.677832729731902,0.0,0.0,2.433996877740586
2025-12-31 22:00:00,3.1,86,1,0.0,2.433996877740586,0.0,-0.5000000000000004,0.8660254037844384,2,2.234805501509945,0.0,0.0,1.7188431004426652
2025-12-31 23:00:00,2.7,87,2,0.0,1.7188431004426652,0.0,-0.25881904510252157,0.9659258262890681,2,1.595920589659343,0.0,0.0,0.899009030053092
2026-01-01 00:00:00,2.7,85,5,0.0,0.899009030053092,0.0,0.0,1.0,3,1.1143790994625125,0.0,0.0,0.9402681331384907
2026-01-01 01:00:00,2.5,87,5,0.0,0.9402681331384907,0.0,0.25881904510252074,0.9659258262890683,3,0.9827523576677256,0.0,0.0,0.9681236337890433
2026-01-01 02:00:00,2.1,88,9,0.0,0.9681236337890433,0.0,0.49999999999999994,0.8660254037844387,3,0.8236779430808306,0.0,0.0,0.9729632390505888
2026-01-01 03:00:00,1.7,89,10,0.0,0.9729632390505888,0.0,0.7071067811865476,0.7071067811865476,3,1.0008959833965867,0.0,0.0,1.0893144313232181
2026-01-01 04:00:00,1.6,88,2,0.0,1.0893144313232181,0.0,0.8660254037844386,0.5000000000000001,3,1.0945081232164873,0.0,0.0,1.0550730312815975
2026-01-01 05:00:00,1.4,87,2,0.0,1.0550730312815975,0.0,0.9659258262890683,0.25881904510252074,3,0.7842411814993593,0.0,0.0,0.915355659465111
2026-01-01 06:00:00,2.1,85,12,0.0,0.915355659465111,0.0,1.0,6.123233995736766e-17,3,0.9837693690071464,0.0,0.004,1.066369058657823
2026-01-01 07:00:00,2.0,85,1,1.0,1.066369058657823,0.004,0.9659258262890683,-0.25881904510252063,3,0.8893075400700893,0.004,0.356,1.0683419162594932
2026-01-01 08:00:00,4.2,84,0,89.0,1.0683419162594932,0.356,0.8660254037844387,-0.4999999999999998,3,0.9610109021254205,0.324,1.024,0.89724702574856
2026-01-01 09:00:00,7.5,73,0,256.0,0.89724702574856,1.024,0.7071067811865476,-0.7071067811865475,3,0.901028252933709,0.944,1.608,1.1375529565674107
2026-01-01 10:00:00,9.2,64,0,402.0,1.1375529565674107,1.608,0.49999999999999994,-0.8660254037844387,3,1.0145719911896143,1.56,2.008,1.123282391809466
2026-01-01 11:00:00,10.8,56,6,502.0,1.123282391809466,2.008,0.258819045102521,-0.9659258262890682,3,1.0381433106537798,1.984,2.152,0.9805714694462065
2026-01-01 12:00:00,12.0,44,13,538.0,0.9805714694462065,2.152,1.2246467991473532e-16,-1.0,3,1.039474223661913,2.0,2.016,0.9898067451992237
2026-01-01 13:00:00,12.5,39,2,504.0,0.9898067451992237,2.016,-0.2588190451025208,-0.9659258262890683,3,0.8947650235607101,1.78,1.74,1.1631168536143088
2026-01-01 14:00:00,12.0,42,0,435.0,1.1631168536143088,1.74,-0.4999999999999997,-0.8660254037844388,3,1.0049880789031735,1.268,1.208,1.072894818447879
2026-01-01 15:00:00,11.0,45,0,302.0,1.072894818447879,1.208,-0.7071067811865471,-0.7071067811865479,3,0.9841650435498865,0.968,0.552,1.2496925591898975
2026-01-01 16:00:00,9.2,54,2,138.0,1.2496925591898975,0.552,-0.8660254037844385,-0.5000000000000004,3,1.2297734619046903,0.404,0.044,1.6857398702152795
2026-01-01 17:00:00,6.7,65,0,11.0,1.6857398702152795,0.044,-0.9659258262890683,-0.25881904510252063,3,1.6633489931255943,0.032,0.0,2.354809902129114
2026-01-01 18:00:00,5.2,72,0,0.0,2.354809902129114,0.0,-1.0,-1.8369701987210297e-16,3,2.258991721166401,0.0,0.0,2.775171460342405
2026-01-01 19:00:00,4.6,75,2,0.0,2.775171460342405,0.0,-0.9659258262890684,0.2588190451025203,3,2.6522746335900176,0.0,0.0,2.9187607434408602
2026-01-01 20:00:00,4.4,72,27,0.0,2.9187607434408602,0.0,-0.8660254037844386,0.5000000000000001,3,3.055916190350333,0.0,0.0,2.9027608695731693
2026-01-01 21:00:00,4.6,67,6,0.0,2.9027608695731693,0.0,-0.7071067811865477,0.7071067811865474,3,2.5974551939285737,0.0,0.0,2.3411181131008876
2026-01-01 22:00:00,4.7,65,25,0.0,2.3411181131008876,0.0,-0.5000000000000004,0.8660254037844384,3,2.433996877740586,0.0,0.0,1.6738504095040332
2026-01-01 23:00:00,5.2,66,60,0.0,1.6738504095040332,0.0,-0.25881904510252157,0.9659258262890681,3,1.7188431004426652,0.0,0.0,0.921027591589521
2026-01-02 00:00:00,5.5,67,99,0.0,0.921027591589521,0.0,0.0,1.0,4,0.899009030053092,0.0,0.0,0.8549800341485114
2026-01-02 01:00:00,6.5,65,58,0.0,0.8549800341485114,0.0,0.25881904510252074,0.9659258262890683,4,0.9402681331384907,0.0,0.0,1.0083416215995455
2026-01-02 02:00:00,6.8,66,68,0.0,1.0083416215995455,0.0,0.49999999999999994,0.8660254037844387,4,0.9681236337890433,0.0,0.0,0.9752463508423386
2026-01-02 03:00:00,6.9,67,42,0.0,0.9752463508423386,0.0,0.7071067811865476,0.7071067811865476,4,0.9729632390505888,0.0,0.0,0.8096873150970066
2026-01-02 04:00:00,6.8,69,81,0.0,0.8096873150970066,0.0,0.8660254037844386,0.5000000000000001,4,1.0893144313232181,0.0,0.0,0.9904912768703402
2026-01-02 05:00:00,7.3,70,94,0.0,0.9904912768703402,0.0,0.9659258262890683,0.25881904510252074,4,1.0550730312815975,0.0,0.0,1.1263193130242195
2026-01-02 06:00:00,7.5,73,100,0.0,1.1263193130242195,0.0,1.0,6.123233995736766e-17,4,0.915355659465111,0.0,0.004,0.9695683417221075
2026-01-02 07:00:00,8.0,75,90,1.0,0.9695683417221075,0.004,0.9659258262890683,-0.25881904510252063,4,1.066369058657823,0.004,0.224,0.7140191002047724
2026-01-02 08:00:00,9.3,72,89,56.0,0.7140191002047724,0.224,0.8660254037844387,-0.4999999999999998,4,1.0683419162594932,0.356,0.744,1.0804064329670244
2026-01-02 09:00:00,10.6,67,46,186.0,1.0804064329670244,0.744,0.7071067811865476,-0.7071067811865475,4,0.89724702574856,1.024,1.428,0.9645862106746189
2026-01-02 10:00:00,12.1,62,6,357.0,0.9645862106746189,1.428,0.49999999999999994,-0.8660254037844387,4,1.1375529565674107,1.608,1.956,1.0170677862812474
2026-01-02 11:00:00,13.2,59,5,489.0,1.0170677862812474,1.956,0.258819045102521,-0.9659258262890682,4,1.123282391809466,2.008,2.128,0.9015970187004351
2026-01-02 12:00:00,13.7,57,9,532.0,0.9015970187004351,2.128,1.2246467991473532e-16,-1.0,4,0.9805714694462065,2.152,2.06,1.0512341395381564
2026-01-02 13:00:00,14.0,56,69,515.0,1.0512341395381564,2.06,-0.2588190451025208,-0.9659258262890683,4,0.9898067451992237,2.016,1.656,0.9428835613003462
2026-01-02 14:00:00,13.6,57,49,414.0,0.9428835613003462,1.656,-0.4999999999999997,-0.8660254037844388,4,1.1631168536143088,1.74,1.196,1.0257066587917456
2026-01-02 15:00:00,12.8,60,40,299.0,1.0257066587917456,1.196,-0.7071067811865471,-0.7071067811865479,4,1.072894818447879,1.208,0.544,1.270764934358489
2026-01-02 16:00:00,11.2,66,82,136.0,1.270764934358489,0.544,-0.8660254037844385,-0.5000000000000004,4,1.2496925591898975,0.552,0.044,1.4574005903164933
2026-01-02 17:00:00,9.2,74,97,11.0,1.4574005903164933,0.044,-0.9659258262890683,-0.25881904510252063,4,1.6857398702152795,0.044,0.0,2.3278317058951714
2026-01-02 18:00:00,8.6,76,100,0.0,2.3278317058951714,0.0,-1.0,-1.8369701987210297e-16,4,2.354809902129114,0.0,0.0,2.8024303343715573
2026-01-02 19:00:00,8.7,72,98,0.0,2.8024303343715573,0.0,-0.9659258262890684,0.2588190451025203,4,2.775171460342405,0.0,0.0,2.912262029759128
2026-01-02 20:00:00,8.7,71,98,0.0,2.912262029759128,0.0,-0.8660254037844386,0.5000000000000001,4,2.9187607434408602,0.0,0.0,2.842038682646825
2026-01-02 21:00:00,9.0,68,98,0.0,2.842038682646825,0.0,-0.7071067811865477,0.7071067811865474,4,2.9027608695731693,0.0,0.0,2.2418510391067357
2026-01-02 22:00:00,9.1,66,100,0.0,2.2418510391067357,0.0,-0.5000000000000004,0.8660254037844384,4,2.3411181131008876,0.0,0.0,1.76028328677765
2026-01-02 23:00:00,9.0,66,100,0.0,1.76028328677765,0.0,-0.25881904510252157,0.9659258262890681,4,1.6738504095040332,0.0,0.0,0.9646447828031172
2026-01-03 00:00:00,8.5,67,90,0.0,0.9646447828031172,0.0,0.0,1.0,5,0.921027591589521,0.0,0.0,1.0643409254414298
2026-01-03 01:00:00,8.3,68,95,0.0,1.0643409254414298,0.0,0.25881904510252074,0.9659258262890683,5,0.8549800341485114,0.0,0.0,1.048384891464763
2026-01-03 02:00:00,8.4,67,100,0.0,1.048384891464763,0.0,0.49999999999999994,0.8660254037844387,5,1.0083416215995455,0.0,0.0,0.9750932140050865
2026-01-03 03:00:00,8.6,68,100,0.0,0.9750932140050865,0.0,0.7071067811865476,0.7071067811865476,5,0.9752463508423386,0.0,0.0,0.89260793399245
2026-01-03 04:00:00,8.4,69,100,0.0,0.89260793399245,0.0,0.8660254037844386,0.5000000000000001,5,0.8096873150970066,0.0,0.0,1.0225327349836157
2026-01-03 05:00:00,8.5,67,98,0.0,1.0225327349836157,0.0,0.9659258262890683,0.25881904510252074,5,0.9904912768703402,0.0,0.0,0.8712409608317386
2026-01-03 06:00:00,8.6,66,100,0.0,0.8712409608317386,0.0,1.0,6.123233995736766e-17,5,1.1263193130242195,0.0,0.004,1.1815511140554216
2026-01-03 07:00:00,9.0,63,98,1.0,1.1815511140554216,0.004,0.9659258262890683,-0.25881904510252063,5,0.9695683417221075,0.004,0.288,1.0282017276165696
2026-01-03 08:00:00,10.0,59,99,72.0,1.0282017276165696,0.288,0.8660254037844387,-0.4999999999999998,5,0.7140191002047724,0.224,0.832,0.9578274169789835
2026-01-03 09:00:00,11.4,56,91,208.0,0.9578274169789835,0.832,0.7071067811865476,-0.7071067811865475,5,1.0804064329670244,0.744,1.496,1.0491595893339718
2026-01-03 10:00:00,13.1,49,29,374.0,1.0491595893339718,1.496,0.49999999999999994,-0.8660254037844387,5,0.9645862106746189,1.428,1.996,1.0087234442141824
2026-01-03 11:00:00,14.1,46,31,499.0,1.0087234442141824,1.996,0.258819045102521,-0.9659258262890682,5,1.0170677862812474,1.956,2.184,0.9860648799199272
2026-01-03 12:00:00,14.5,43,71,546.0,0.9860648799199272,2.184,1.2246467991473532e-16,-1.0,5,0.9015970187004351,2.128,2.064,0.8613543189370815
2026-01-03 13:00:00,14.5,43,96,516.0,0.8613543189370815,2.064,-0.2588190451025208,-0.9659258262890683,5,1.0512341395381564,2.06,1.58,0.8014580024930115
2026-01-03 14:00:00,13.9,46,99,395.0,0.8014580024930115,1.58,-0.4999999999999997,-0.8660254037844388,5,0.9428835613003462,1.656,0.628,1.042827085068719
2026-01-03 15:00:00,12.8,50,100,157.0,1.042827085068719,0.628,-0.7071067811865471,-0.7071067811865479,5,1.0257066587917456,1.196,0.172,1.2016728712670008
2026-01-03 16:00:00,11.8,52,100,43.0,1.2016728712670008,0.172,-0.8660254037844385,-0.5000000000000004,5,1.270764934358489,0.544,0.032,1.7244228981112375
2026-01-03 17:00:00,10.8,55,99,8.0,1.7244228981112375,0.032,-0.9659258262890683,-0.25881904510252063,5,1.4574005903164933,0.044,0.0,2.2256941245747695
2026-01-03 18:00:00,10.0,58,91,0.0,2.2256941245747695,0.0,-1.0,-1.8369701987210297e-16,5,2.3278317058951714,0.0,0.0,2.67309356217457
2026-01-03 19:00:00,9.0,63,86,0.0,2.67309356217457,0.0,-0.9659258262890684,0.2588190451025203,5,2.8024303343715573,0.0,0.0,2.892300577375791
2026-01-03 20:00:00,7.4,71,16,0.0,2.892300577375791,0.0,-0.8660254037844386,0.5000000000000001,5,2.912262029759128,0.0,0.0,3.0363031274187673
2026-01-03 21:00:00,5.7,80,65,0.0,3.0363031274187673,0.0,-0.7071067811865477,0.7071067811865474,5,2.842038682646825,0.0,0.0,2.192858326473659
2026-01-03 22:00:00,4.7,84,77,0.0,2.192858326473659,0.0,-0.5000000000000004,0.8660254037844384,5,2.2418510391067357,0.0,0.0,1.6224159526606787
2026-01-03 23:00:00,4.6,82,80,0.0,1.6224159526606787,0.0,-0.25881904510252157,0.9659258262890681,5,1.76028328677765,0.0,0.0,0.9542463976789085
2026-01-04 00:00:00,5.2,74,90,0.0,0.9542463976789085,0.0,0.0,1.0,6,0.9646447828031172,0.0,0.0,0.8203742284656984
2026-01-04 01:00:00,6.2,62,74,0.0,0.8203742284656984,0.0,0.25881904510252074,0.9659258262890683,6,1.0643409254414298,0.0,0.0,1.0584166001075759
2026-01-04 02:00:00,6.8,61,77,0.0,1.0584166001075759,0.0,0.49999999999999994,0.8660254037844387,6,1.048384891464763,0.0,0.0,0.8760254766074731
2026-01-04 03:00:00,5.5,84,100,0.0,0.8760254766074731,0.0,0.7071067811865476,0.7071067811865476,6,0.9750932140050865,0.0,0.0,0.8432346110921128
2026-01-04 04:00:00,5.1,89,96,0.0,0.8432346110921128,0.0,0.8660254037844386,0.5000000000000001,6,0.89260793399245,0.0,0.0,1.1047293254830075
2026-01-04 05:00:00,4.4,89,98,0.0,1.1047293254830075,0.0,0.9659258262890683,0.25881904510252074,6,1.0225327349836157,0.0,0.0,0.931216294542523
2026-01-04 06:00:00,3.9,88,100,0.0,0.931216294542523,0.0,1.0,6.123233995736766e-17,6,0.8712409608317386,0.0,0.004,1.0286123413867547
2026-01-04 07:00:00,4.7,86,99,1.0,1.0286123413867547,0.004,0.9659258262890683,-0.25881904510252063,6,1.1815511140554216,0.004,0.22,1.0016083224772174
2026-01-04 08:00:00,6.6,84,98,55.0,1.0016083224772174,0.22,0.8660254037844387,-0.4999999999999998,6,1.0282017276165696,0.288,0.672,1.0022142093647481
2026-01-04 09:00:00,8.9,86,75,168.0,1.0022142093647481,0.672,0.7071067811865476,-0.7071067811865475,6,0.9578274169789835,0.832,1.2,0.9731511278932173
2026-01-04 10:00:00,11.1,67,100,300.0,0.9731511278932173,1.2,0.49999999999999994,-0.8660254037844387,6,1.0491595893339718,1.496,1.076,1.1593254081922437
2026-01-04 11:00:00,11.8,65,100,269.0,1.1593254081922437,1.076,0.258819045102521,-0.9659258262890682,6,1.0087234442141824,1.996,1.16,0.9893912909601935
2026-01-04 12:00:00,14.8,44,58,290.0,0.9893912909601935,1.16,1.2246467991473532e-16,-1.0,6,0.9860648799199272,2.184,1.812,0.913569432489927
2026-01-04 13:00:00,16.3,32,70,453.0,0.913569432489927,1.812,-0.2588190451025208,-0.9659258262890683,6,0.8613543189370815,2.064,1.472,0.9992268507866723
2026-01-04 14:00:00,16.2,31,79,368.0,0.9992268507866723,1.472,-0.4999999999999997,-0.8660254037844388,6,0.8014580024930115,1.58,0.776,0.9094358835709817
2026-01-04 15:00:00,14.5,37,52,194.0,0.9094358835709817,0.776,-0.7071067811865471,-0.7071067811865479,6,1.042827085068719,0.628,0.464,1.3415314923772352
2026-01-04 16:00:00,12.8,43,57,116.0,1.3415314923772352,0.464,-0.8660254037844385,-0.5000000000000004,6,1.2016728712670008,0.172,0.04,1.6299586044496663
2026-01-04 17:00:00,11.2,49,4,10.0,1.6299586044496663,0.04,-0.9659258262890683,-0.25881904510252063,6,1.7244228981112375,0.032,0.0,2.3890944212808027
2026-01-04 18:00:00,10.3,52,49,0.0,2.3890944212808027,0.0,-1.0,-1.8369701987210297e-16,6,2.2256941245747695,0.0,0.0,2.6938064639454886
2026-01-04 19:00:00,9.4,57,30,0.0,2.6938064639454886,0.0,-0.9659258262890684,0.2588190451025203,6,2.67309356217457,0.0,0.0,3.08652785423265
2026-01-04 20:00:00,9.2,61,46,0.0,3.08652785423265,0.0,-0.8660254037844386,0.5000000000000001,6,2.892300577375791,0.0,0.0,2.71420430399312
2026-01-04 21:00:00,8.6,64,28,0.0,2.71420430399312,0.0,-0.7071067811865477,0.7071067811865474,6,3.0363031274187673,0.0,0.0,2.0973495161211493
2026-01-04 22:00:00,7.8,67,65,0.0,2.0973495161211493,0.0,-0.5000000000000004,0.8660254037844384,6,2.192858326473659,0.0,0.0,1.589468882734684
2026-01-04 23:00:00,7.2,72,28,0.0,1.589468882734684,0.0,-0.25881904510252157,0.9659258262890681,6,1.6224159526606787,0.0,0.0,1.1010137527600685
2026-01-05 00:00:00,7.0,78,40,0.0,1.1010137527600685,0.0,0.0,1.0,0,0.9542463976789085,0.0,0.0,1.0413102652366617
2026-01-05 01:00:00,7.5,79,72,0.0,1.0413102652366617,0.0,0.25881904510252074,0.9659258262890683,0,0.8203742284656984,0.0,0.0,1.2063035383705083
2026-01-05 02:00:00,7.8,81,69,0.0,1.2063035383705083,0.0,0.49999999999999994,0.8660254037844387,0,1.0584166001075759,0.0,0.0,0.940747638891225
2026-01-05 03:00:00,7.5,84,49,0.0,0.940747638891225,0.0,0.7071067811865476,0.7071067811865476,0,0.8760254766074731,0.0,0.0,1.0459768444102822
2026-01-05 04:00:00,6.7,89,31,0.0,1.0459768444102822,0.0,0.8660254037844386,0.5000000000000001,0,0.8432346110921128,0.0,0.0,1.0900495976762672
2026-01-05 05:00:00,6.3,90,20,0.0,1.0900495976762672,0.0,0.9659258262890683,0.25881904510252074,0,1.1047293254830075,0.0,0.0,1.0483787261553885
2026-01-05 06:00:00,6.0,91,4,0.0,1.0483787261553885,0.0,1.0,6.123233995736766e-17,0,0.931216294542523,0.0,0.004,0.896658130412938
2026-01-05 07:00:00,6.2,91,5,1.0,0.896658130412938,0.004,0.9659258262890683,-0.25881904510252063,0,1.0286123413867547,0.004,0.34,0.9897655005380745
2026-01-05 08:00:00,8.6,80,23,85.0,0.9897655005380745,0.34,0.8660254037844387,-0.4999999999999998,0,1.0016083224772174,0.22,0.976,1.0343523644803263
2026-01-05 09:00:00,11.2,70,37,244.0,1.0343523644803263,0.976,0.7071067811865476,-0.7071067811865475,0,1.0022142093647481,0.672,1.376,0.8379093772751505
2026-01-05 10:00:00,12.9,63,25,344.0,0.8379093772751505,1.376,0.49999999999999994,-0.8660254037844387,0,0.9731511278932173,1.2,1.812,1.0085650408033024
2026-01-05 11:00:00,13.9,58,35,453.0,1.0085650408033024,1.812,0.258819045102521,-0.9659258262890682,0,1.1593254081922437,1.076,1.672,1.1027696119958097
2026-01-05 12:00:00,14.4,54,20,418.0,1.1027696119958097,1.672,1.2246467991473532e-16,-1.0,0,0.9893912909601935,1.16,1.892,1.019628110919485
2026-01-05 13:00:00,14.7,52,41,473.0,1.019628110919485,1.892,-0.2588190451025208,-0.9659258262890683,0,0.913569432489927,1.812,1.508,1.0553480827204533
2026-01-05 14:00:00,14.0,55,4,377.0,1.0553480827204533,1.508,-0.4999999999999997,-0.8660254037844388,0,0.9992268507866723,1.472,1.196,1.089251403745692
2026-01-05 15:00:00,13.6,58,27,299.0,1.089251403745692,1.196,-0.7071067811865471,-0.7071067811865479,0,0.9094358835709817,0.776,0.524,1.3030582035876832
2026-01-05 16:00:00,12.4,63,9,131.0,1.3030582035876832,0.524,-0.8660254037844385,-0.5000000000000004,0,1.3415314923772352,0.464,0.052,1.6909177155534763
2026-01-05 17:00:00,10.4,72,20,13.0,1.6909177155534763,0.052,-0.9659258262890683,-0.25881904510252063,0,1.6299586044496663,0.04,0.0,2.1720583648726675
2026-01-05 18:00:00,10.6,68,84,0.0,2.1720583648726675,0.0,-1.0,-1.8369701987210297e-16,0,2.3890944212808027,0.0,0.0,2.8375585478234413
2026-01-05 19:00:00,9.9,79,92,0.0,2.8375585478234413,0.0,-0.9659258262890684,0.2588190451025203,0,2.6938064639454886,0.0,0.0,3.0269510476367865
2026-01-05 20:00:00,9.7,78,88,0.0,3.0269510476367865,0.0,-0.8660254037844386,0.5000000000000001,0,3.08652785423265,0.0,0.0,2.742272743116924
2026-01-05 21:00:00,9.6,78,91,0.0,2.742272743116924,0.0,-0.7071067811865477,0.7071067811865474,0,2.71420430399312,0.0,0.0,2.0143583263200715
2026-01-05 22:00:00,9.5,79,84,0.0,2.0143583263200715,0.0,-0.5000000000000004,0.8660254037844384,0,2.0973495161211493,0.0,0.0,1.865496056502439
2026-01-05 23:00:00,9.4,81,90,0.0,1.865496056502439,0.0,-0.25881904510252157,0.9659258262890681,0,1.589468882734684,0.0,0.0,1.0094690513192521
2026-01-06 00:00:00,9.1,81,100,0.0,1.0094690513192521,0.0,0.0,1.0,1,1.1010137527600685,0.0,0.0,0.9555650953051754
2026-01-06 01:00:00,9.0,83,98,0.0,0.9555650953051754,0.0,0.25881904510252074,0.9659258262890683,1,1.0413102652366617,0.0,0.0,0.9950115496403279
2026-01-06 02:00:00,8.7,85,100,0.0,0.9950115496403279,0.0,0.49999999999999994,0.8660254037844387,1,1.2063035383705083,0.0,0.0,1.0809049381021019
2026-01-06 03:00:00,8.4,84,99,0.0,1.0809049381021019,0.0,0.7071067811865476,0.7071067811865476,1,0.940747638891225,0.0,0.0,0.9615869697459934
2026-01-06 04:00:00,7.6,88,12,0.0,0.9615869697459934,0.0,0.8660254037844386,0.5000000000000001,1,1.0459768444102822,0.0,0.0,1.095192458375697
2026-01-06 05:00:00,5.1,94,14,0.0,1.095192458375697,0.0,0.9659258262890683,0.25881904510252074,1,1.0900495976762672,0.0,0.0,0.9623365419712767
2026-01-06 06:00:00,5.8,89,25,0.0,0.9623365419712767,0.0,1.0,6.123233995736766e-17,1,1.0483787261553885,0.0,0.004,1.0891226893048054
2026-01-06 07:00:00,5.2,90,15,1.0,1.0891226893048054,0.004,0.9659258262890683,-0.25881904510252063,1,0.896658130412938,0.004,0.34,1.0723169715903438
2026-01-06 08:00:00,7.0,88,29,85.0,1.0723169715903438,0.34,0.8660254037844387,-0.4999999999999998,1,0.9897655005380745,0.34,0.956,0.9267774670436417
2026-01-06 09:00:00,8.9,73,10,239.0,0.9267774670436417,0.956,0.7071067811865476,-0.7071067811865475,1,1.0343523644803263,0.976,1.544,1.0422827392892837
2026-01-06 10:00:00,10.6,60,55,386.0,1.0422827392892837,1.544,0.49999999999999994,-0.8660254037844387,1,0.8379093772751505,1.376,1.856,1.1269641386725437
2026-01-06 11:00:00,12.4,48,100,464.0,1.1269641386725437,1.856,0.258819045102521,-0.9659258262890682,1,1.0085650408033024,1.812,1.48,0.973144119554218
2026-01-06 12:00:00,12.0,51,98,370.0,0.973144119554218,1.48,1.2246467991473532e-16,-1.0,1,1.1027696119958097,1.672,1.156,0.9847317454283754
2026-01-06 13:00:00,11.5,54,100,289.0,0.9847317454283754,1.156,-0.2588190451025208,-0.9659258262890683,1,1.019628110919485,1.892,0.464,1.0297871331519985
2026-01-06 14:00:00,10.5,61,100,116.0,1.0297871331519985,0.464,-0.4999999999999997,-0.8660254037844388,1,1.0553480827204533,1.508,0.468,0.8984343393033452
2026-01-06 15:00:00,10.0,63,100,117.0,0.8984343393033452,0.468,-0.7071067811865471,-0.7071067811865479,1,1.089251403745692,1.196,0.288,1.3373319780568669
2026-01-06 16:00:00,8.8,73,55,72.0,1.3373319780568669,0.288,-0.8660254037844385,-0.5000000000000004,1,1.3030582035876832,0.524,0.048,1.6952761967058454
2026-01-06 17:00:00,6.0,94,100,12.0,1.6952761967058454,0.048,-0.9659258262890683,-0.25881904510252063,1,1.6909177155534763,0.052,0.0,2.2306350413918175
2026-01-06 18:00:00,5.1,96,100,0.0,2.2306350413918175,0.0,-1.0,-1.8369701987210297e-16,1,2.1720583648726675,0.0,0.0,2.793435266591182
2026-01-06 19:00:00,4.8,92,100,0.0,2.793435266591182,0.0,-0.9659258262890684,0.2588190451025203,1,2.8375585478234413,0.0,0.0,3.061288264246654
2026-01-06 20:00:00,4.6,92,100,0.0,3.061288264246654,0.0,-0.8660254037844386,0.5000000000000001,1,3.0269510476367865,0.0,0.0,2.834348396368156
2026-01-06 21:00:00,4.3,92,100,0.0,2.834348396368156,0.0,-0.7071067811865477,0.7071067811865474,1,2.742272743116924,0.0,0.0,2.1203507430777626
2026-01-06 22:00:00,4.1,92,100,0.0,2.1203507430777626,0.0,-0.5000000000000004,0.8660254037844384,1,2.0143583263200715,0.0,0.0,1.5998673687272127
2026-01-06 23:00:00,3.9,93,100,0.0,1.5998673687272127,0.0,-0.25881904510252157,0.9659258262890681,1,1.865496056502439,0.0,0.0,0.9452820802832108
2026-01-07 00:00:00,3.7,92,100,0.0,0.9452820802832108,0.0,0.0,1.0,2,1.0094690513192521,0.0,0.0,0.9095731657160111
2026-01-07 01:00:00,3.3,96,100,0.0,0.9095731657160111,0.0,0.25881904510252074,0.9659258262890683,2,0.9555650953051754,0.0,0.0,0.9696602524782738
2026-01-07 02:00:00,2.9,97,100,0.0,0.9696602524782738,0.0,0.49999999999999994,0.8660254037844387,2,0.9950115496403279,0.0,0.0,0.9218477659779384
2026-01-07 03:00:00,2.4,99,100,0.0,0.9218477659779384,0.0,0.7071067811865476,0.7071067811865476,2,1.0809049381021019,0.0,0.0,0.9414710256631027
2026-01-07 04:00:00,2.4,98,100,0.0,0.9414710256631027,0.0,0.8660254037844386,0.5000000000000001,2,0.9615869697459934,0.0,0.0,0.8970257274920651
2026-01-07 05:00:00,2.1,99,100,0.0,0.8970257274920651,0.0,0.9659258262890683,0.25881904510252074,2,1.095192458375697,0.0,0.0,1.1007044321572585
2026-01-07 06:00:00,2.4,98,100,0.0,1.1007044321572585,0.0,1.0,6.123233995736766e-17,2,0.9623365419712767,0.0,0.0,1.0767299042099332
2026-01-07 07:00:00,2.0,99,100,0.0,1.0767299042099332,0.0,0.9659258262890683,-0.25881904510252063,2,1.0891226893048054,0.004,0.056,0.8312947374787422
2026-01-07 08:00:00,2.0,94,100,14.0,0.8312947374787422,0.056,0.8660254037844387,-0.4999999999999998,2,1.0723169715903438,0.34,0.444,0.9941745179421317
2026-01-07 09:00:00,2.8,84,83,111.0,0.9941745179421317,0.444,0.7071067811865476,-0.7071067811865475,2,0.9267774670436417,0.956,1.048,1.0482209343883155
2026-01-07 10:00:00,3.8,74,28,262.0,1.0482209343883155,1.048,0.49999999999999994,-0.8660254037844387,2,1.0422827392892837,1.544,1.708,1.0162322179413035
2026-01-07 11:00:00,5.0,64,34,427.0,1.0162322179413035,1.708,0.258819045102521,-0.9659258262890682,2,1.1269641386725437,1.856,1.656,0.8660851913086165
2026-01-07 12:00:00,4.5,64,38,414.0,0.8660851913086165,1.656,1.2246467991473532e-16,-1.0,2,0.973144119554218,1.48,1.856,0.9124347825848824
2026-01-07 13:00:00,5.7,54,45,464.0,0.9124347825848824,1.856,-0.2588190451025208,-0.9659258262890683,2,0.9847317454283754,1.156,1.388,1.0626774773652348
2026-01-07 14:00:00,5.5,54,42,347.0,1.0626774773652348,1.388,-0.4999999999999997,-0.8660254037844388,2,1.0297871331519985,0.464,0.996,1.130653072977991
2026-01-07 15:00:00,5.2,56,48,249.0,1.130653072977991,0.996,-0.7071067811865471,-0.7071067811865479,2,0.8984343393033452,0.468,0.488,1.243517872705706
2026-01-07 16:00:00,4.3,63,32,122.0,1.243517872705706,0.488,-0.8660254037844385,-0.5000000000000004,2,1.3373319780568669,0.288,0.056,1.5699326664260491
2026-01-07 17:00:00,2.5,74,33,14.0,1.5699326664260491,0.056,-0.9659258262890683,-0.25881904510252063,2,1.6952761967058454,0.048,0.0,2.2304690231896824
2026-01-07 18:00:00,1.2,88,13,0.0,2.2304690231896824,0.0,-1.0,-1.8369701987210297e-16,2,2.2306350413918175,0.0,0.0,2.881211059182403
2026-01-07 19:00:00,1.6,84,12,0.0,2.881211059182403,0.0,-0.9659258262890684,0.2588190451025203,2,2.793435266591182,0.0,0.0,2.991890945122898
2026-01-07 20:00:00,1.4,84,1,0.0,2.991890945122898,0.0,-0.8660254037844386,0.5000000000000001,2,3.061288264246654,0.0,0.0,2.781328067580802
2026-01-07 21:00:00,0.9,79,0,0.0,2.781328067580802,0.0,-0.7071067811865477,0.7071067811865474,2,2.834348396368156,0.0,0.0,2.2896128570325103
2026-01-07 22:00:00,0.7,75,5,0.0,2.2896128570325103,0.0,-0.5000000000000004,0.8660254037844384,2,2.1203507430777626,0.0,0.0,1.6777232235262438
2026-01-07 23:00:00,0.7,76,8,0.0,1.6777232235262438,0.0,-0.25881904510252157,0.9659258262890681,2,1.5998673687272127,0.0,0.0,0.966015476889497
2026-01-08 00:00:00,0.6,79,2,0.0,0.966015476889497,0.0,0.0,1.0,3,0.9452820802832108,0.0,0.0,1.0957269262135443
2026-01-08 01:00:00,0.4,79,1,0.0,1.0957269262135443,0.0,0.25881904510252074,0.9659258262890683,3,0.9095731657160111,0.0,0.0,0.9551263820185364
2026-01-08 02:00:00,0.1,79,1,0.0,0.9551263820185364,0.0,0.49999999999999994,0.8660254037844387,3,0.9696602524782738,0.0,0.0,0.9894222849947321
2026-01-08 03:00:00,0.2,79,9,0.0,0.9894222849947321,0.0,0.7071067811865476,0.7071067811865476,3,0.9218477659779384,0.0,0.0,0.9311718375678742
2026-01-08 04:00:00,0.6,78,9,0.0,0.9311718375678742,0.0,0.8660254037844386,0.5000000000000001,3,0.9414710256631027,0.0,0.0,0.786060029169112
2026-01-08 05:00:00,0.5,79,0,0.0,0.786060029169112,0.0,0.9659258262890683,0.25881904510252074,3,0.8970257274920651,0.0,0.0,0.9507864591037455
2026-01-08 06:00:00,0.3,82,0,0.0,0.9507864591037455,0.0,1.0,6.123233995736766e-17,3,1.1007044321572585,0.0,0.004,0.9772348544742779
2026-01-08 07:00:00,0.4,80,0,1.0,0.9772348544742779,0.004,0.9659258262890683,-0.25881904510252063,3,1.0767299042099332,0.0,0.364,1.0045997354109064
2026-01-08 08:00:00,2.9,69,0,91.0,1.0045997354109064,0.364,0.8660254037844387,-0.4999999999999998,3,0.8312947374787422,0.056,1.044,0.9208003903927879
2026-01-08 09:00:00,5.8,57,0,261.0,0.9208003903927879,1.044,0.7071067811865476,-0.7071067811865475,3,0.9941745179421317,0.444,1.648,1.115674852230913
2026-01-08 10:00:00,7.5,52,0,412.0,1.115674852230913,1.648,0.49999999999999994,-0.8660254037844387,3,1.0482209343883155,1.048,2.06,0.9724970034150362
2026-01-08 11:00:00,8.7,48,0,515.0,0.9724970034150362,2.06,0.258819045102521,-0.9659258262890682,3,1.0162322179413035,1.708,2.24,1.025481105827721
2026-01-08 12:00:00,9.2,44,0,560.0,1.025481105827721,2.24,1.2246467991473532e-16,-1.0,3,0.8660851913086165,1.656,2.164,0.9238740016072688
2026-01-08 13:00:00,10.1,42,0,541.0,0.9238740016072688,2.164,-0.2588190451025208,-0.9659258262890683,3,0.9124347825848824,1.856,1.836,1.1809323468126895
2026-01-08 14:00:00,10.4,44,0,459.0,1.1809323468126895,1.836,-0.4999999999999997,-0.8660254037844388,3,1.0626774773652348,1.388,1.296,1.1381287997171345
2026-01-08 15:00:00,10.1,46,0,324.0,1.1381287997171345,1.296,-0.7071067811865471,-0.7071067811865479,3,1.130653072977991,0.996,0.624,1.0481159034829381
2026-01-08 16:00:00,8.6,54,0,156.0,1.0481159034829381,0.624,-0.8660254037844385,-0.5000000000000004,3,1.243517872705706,0.488,0.068,1.655522198436821
2026-01-08 17:00:00,5.0,68,0,17.0,1.655522198436821,0.068,-0.9659258262890683,-0.25881904510252063,3,1.5699326664260491,0.056,0.0,2.1585202581714356
2026-01-08 18:00:00,4.0,75,0,0.0,2.1585202581714356,0.0,-1.0,-1.8369701987210297e-16,3,2.2304690231896824,0.0,0.0,2.908362615141011
2026-01-08 19:00:00,2.4,82,0,0.0,2.908362615141011,0.0,-0.9659258262890684,0.2588190451025203,3,2.881211059182403,0.0,0.0,3.005365127153364
2026-01-08 20:00:00,1.8,83,0,0.0,3.005365127153364,0.0,-0.8660254037844386,0.5000000000000001,3,2.991890945122898,0.0,0.0,2.7587516864542727
2026-01-08 21:00:00,2.1,81,0,0.0,2.7587516864542727,0.0,-0.7071067811865477,0.7071067811865474,3,2.781328067580802,0.0,0.0,2.1528485368654406
2026-01-08 22:00:00,2.3,85,0,0.0,2.1528485368654406,0.0,-0.5000000000000004,0.8660254037844384,3,2.2896128570325103,0.0,0.0,1.4055925125754298
2026-01-08 23:00:00,2.3,87,0,0.0,1.4055925125754298,0.0,-0.25881904510252157,0.9659258262890681,3,1.6777232235262438,0.0,0.0,0.8738973347798246
2026-01-09 00:00:00,2.1,88,0,0.0,0.8738973347798246,0.0,0.0,1.0,4,0.966015476889497,0.0,0.0,1.0162113583989247
2026-01-09 01:00:00,2.6,87,0,0.0,1.0162113583989247,0.0,0.25881904510252074,0.9659258262890683,4,1.0957269262135443,0.0,0.0,1.0276567566757766
2026-01-09 02:00:00,2.7,86,0,0.0,1.0276567566757766,0.0,0.49999999999999994,0.8660254037844387,4,0.9551263820185364,0.0,0.0,0.941282213470509
2026-01-09 03:00:00,2.7,85,0,0.0,0.941282213470509,0.0,0.7071067811865476,0.7071067811865476,4,0.9894222849947321,0.0,0.0,1.051144166660251
2026-01-09 04:00:00,2.7,85,0,0.0,1.051144166660251,0.0,0.8660254037844386,0.5000000000000001,4,0.9311718375678742,0.0,0.0,1.1774331417233876
2026-01-09 05:00:00,2.7,86,0,0.0,1.1774331417233876,0.0,0.9659258262890683,0.25881904510252074,4,0.786060029169112,0.0,0.0,1.2209292997463717
2026-01-09 06:00:00,2.6,87,0,0.0,1.2209292997463717,0.0,1.0,6.123233995736766e-17,4,0.9507864591037455,0.0,0.004,1.020825070337418
2026-01-09 07:00:00,2.8,88,0,1.0,1.020825070337418,0.004,0.9659258262890683,-0.25881904510252063,4,0.9772348544742779,0.004,0.372,0.9285188958672248
2026-01-09 08:00:00,5.0,79,0,93.0,0.9285188958672248,0.372,0.8660254037844387,-0.4999999999999998,4,1.0045997354109064,0.364,1.06,0.9439602600657738
2026-01-09 09:00:00,8.6,66,0,265.0,0.9439602600657738,1.06,0.7071067811865476,-0.7071067811865475,4,0.9208003903927879,1.044,1.668,1.046708062510739
2026-01-09 10:00:00,11.3,55,0,417.0,1.046708062510739,1.668,0.49999999999999994,-0.8660254037844387,4,1.115674852230913,1.648,2.08,0.8057385223015302
2026-01-09 11:00:00,13.1,48,0,520.0,0.8057385223015302,2.08,0.258819045102521,-0.9659258262890682,4,0.9724970034150362,2.06,2.264,0.9930308067748667
2026-01-09 12:00:00,14.0,46,0,566.0,0.9930308067748667,2.264,1.2246467991473532e-16,-1.0,4,1.025481105827721,2.24,2.184,1.0821880427413149
2026-01-09 13:00:00,14.4,45,0,546.0,1.0821880427413149,2.184,-0.2588190451025208,-0.9659258262890683,4,0.9238740016072688,2.164,1.86,1.0991666471107417
2026-01-09 14:00:00,14.0,45,0,465.0,1.0991666471107417,1.86,-0.4999999999999997,-0.8660254037844388,4,1.1809323468126895,1.836,1.32,0.9960644300916438
2026-01-09 15:00:00,12.8,46,0,330.0,0.9960644300916438,1.32,-0.7071067811865471,-0.7071067811865479,4,1.1381287997171345,1.296,0.648,1.2288325997670988
2026-01-09 16:00:00,10.7,53,0,162.0,1.2288325997670988,0.648,-0.8660254037844385,-0.5000000000000004,4,1.0481159034829381,0.624,0.076,1.6701338372810317
2026-01-09 17:00:00,7.5,63,78,19.0,1.6701338372810317,0.076,-0.9659258262890683,-0.25881904510252063,4,1.655522198436821,0.068,0.0,2.1246824740453785
2026-01-09 18:00:00,6.3,70,20,0.0,2.1246824740453785,0.0,-1.0,-1.8369701987210297e-16,4,2.1585202581714356,0.0,0.0,2.762203545423088
2026-01-09 19:00:00,5.9,72,3,0.0,2.762203545423088,0.0,-0.9659258262890684,0.2588190451025203,4,2.908362615141011,0.0,0.0,2.960744521386704
2026-01-09 20:00:00,5.4,76,5,0.0,2.960744521386704,0.0,-0.8660254037844386,0.5000000000000001,4,3.005365127153364,0.0,0.0,2.7541642788137866
2026-01-09 21:00:00,5.0,80,0,0.0,2.7541642788137866,0.0,-0.7071067811865477,0.7071067811865474,4,2.7587516864542727,0.0,0.0,2.14015927755412
2026-01-09 22:00:00,4.9,82,0,0.0,2.14015927755412,0.0,-0.5000000000000004,0.8660254037844384,4,2.1528485368654406,0.0,0.0,1.5363058075891827
2026-01-09 23:00:00,4.4,85,0,0.0,1.5363058075891827,0.0,-0.25881904510252157,0.9659258262890681,4,1.4055925125754298,0.0,0.0,0.8149876890108311
2026-01-10 00:00:00,4.0,86,0,0.0,0.8149876890108311,0.0,0.0,1.0,5,0.8738973347798246,0.0,0.0,0.9335246654119557
2026-01-10 01:00:00,4.3,83,1,0.0,0.9335246654119557,0.0,0.25881904510252074,0.9659258262890683,5,1.0162113583989247,0.0,0.0,1.152445523748012
2026-01-10 02:00:00,4.3,83,2,0.0,1.152445523748012,0.0,0.49999999999999994,0.8660254037844387,5,1.0276567566757766,0.0,0.0,1.0231884051446223
2026-01-10 03:00:00,4.1,85,6,0.0,1.0231884051446223,0.0,0.7071067811865476,0.7071067811865476,5,0.941282213470509,0.0,0.0,0.9210467648032363
2026-01-10 04:00:00,5.7,84,25,0.0,0.9210467648032363,0.0,0.8660254037844386,0.5000000000000001,5,1.051144166660251,0.0,0.0,0.8427053460013879
2026-01-10 05:00:00,6.2,82,13,0.0,0.8427053460013879,0.0,0.9659258262890683,0.25881904510252074,5,1.1774331417233876,0.0,0.0,0.774199351158465
2026-01-10 06:00:00,5.8,83,18,0.0,0.774199351158465,0.0,1.0,6.123233995736766e-17,5,1.2209292997463717,0.0,0.004,1.1238948148126655
2026-01-10 07:00:00,5.5,86,13,1.0,1.1238948148126655,0.004,0.9659258262890683,-0.25881904510252063,5,1.020825070337418,0.004,0.348,1.0392679563437501
2026-01-10 08:00:00,6.5,79,13,87.0,1.0392679563437501,0.348,0.8660254037844387,-0.4999999999999998,5,0.9285188958672248,0.372,1.004,0.9156103850327668
2026-01-10 09:00:00,7.6,71,76,251.0,0.9156103850327668,1.004,0.7071067811865476,-0.7071067811865475,5,0.9439602600657738,1.06,1.152,1.1098900647092342
2026-01-10 10:00:00,8.2,61,32,288.0,1.1098900647092342,1.152,0.49999999999999994,-0.8660254037844387,5,1.046708062510739,1.668,1.596,0.723109194630201
2026-01-10 11:00:00,8.6,60,47,399.0,0.723109194630201,1.596,0.258819045102521,-0.9659258262890682,5,0.8057385223015302,2.08,1.604,0.962865668390167
2026-01-10 12:00:00,8.8,56,100,401.0,0.962865668390167,1.604,1.2246467991473532e-16,-1.0,5,0.9930308067748667,2.264,0.772,0.916288587710411
2026-01-10 13:00:00,8.6,58,94,193.0,0.916288587710411,0.772,-0.2588190451025208,-0.9659258262890683,5,1.0821880427413149,2.184,0.928,0.9608863990364022
2026-01-10 14:00:00,8.8,55,95,232.0,0.9608863990364022,0.928,-0.4999999999999997,-0.8660254037844388,5,1.0991666471107417,1.86,0.616,1.2149837502544498
2026-01-10 15:00:00,8.5,53,89,154.0,1.2149837502544498,0.616,-0.7071067811865471,-0.7071067811865479,5,0.9960644300916438,1.32,0.392,1.257439870988953
2026-01-10 16:00:00,7.6,56,10,98.0,1.257439870988953,0.392,-0.8660254037844385,-0.5000000000000004,5,1.2288325997670988,0.648,0.076,1.6122096126163497
2026-01-10 17:00:00,5.3,69,6,19.0,1.6122096126163497,0.076,-0.9659258262890683,-0.25881904510252063,5,1.6701338372810317,0.076,0.0,2.2808124680496427
2026-01-10 18:00:00,4.1,76,1,0.0,2.2808124680496427,0.0,-1.0,-1.8369701987210297e-16,5,2.1246824740453785,0.0,0.0,2.6997148364762937
2026-01-10 19:00:00,3.2,81,6,0.0,2.6997148364762937,0.0,-0.9659258262890684,0.2588190451025203,5,2.762203545423088,0.0,0.0,2.9854618942033215
2026-01-10 20:00:00,2.8,84,4,0.0,2.9854618942033215,0.0,-0.8660254037844386,0.5000000000000001,5,2.960744521386704,0.0,0.0,2.6714116175029083
2026-01-10 21:00:00,2.8,83,2,0.0,2.6714116175029083,0.0,-0.7071067811865477,0.7071067811865474,5,2.7541642788137866,0.0,0.0,2.0941472492643585
2026-01-10 22:00:00,3.0,82,1,0.0,2.0941472492643585,0.0,-0.5000000000000004,0.8660254037844384,5,2.14015927755412,0.0,0.0,1.6202951122536673
2026-01-10 23:00:00,2.6,84,2,0.0,1.6202951122536673,0.0,-0.25881904510252157,0.9659258262890681,5,1.5363058075891827,0.0,0.0,0.9467737961536961
2026-01-11 00:00:00,2.3,85,2,0.0,0.9467737961536961,0.0,0.0,1.0,6,0.8149876890108311,0.0,0.0,1.135953029031722
2026-01-11 01:00:00,2.2,86,3,0.0,1.135953029031722,0.0,0.25881904510252074,0.9659258262890683,6,0.9335246654119557,0.0,0.0,1.0807531856618744
2026-01-11 02:00:00,1.9,87,2,0.0,1.0807531856618744,0.0,0.49999999999999994,0.8660254037844387,6,1.152445523748012,0.0,0.0,0.9784819028833552
2026-01-11 03:00:00,1.5,88,20,0.0,0.9784819028833552,0.0,0.7071067811865476,0.7071067811865476,6,1.0231884051446223,0.0,0.0,1.1830974693448992
2026-01-11 04:00:00,1.8,88,53,0.0,1.1830974693448992,0.0,0.8660254037844386,0.5000000000000001,6,0.9210467648032363,0.0,0.0,0.9537881008081809
2026-01-11 05:00:00,2.4,88,13,0.0,0.9537881008081809,0.0,0.9659258262890683,0.25881904510252074,6,0.8427053460013879,0.0,0.0,0.953284206845452
2026-01-11 06:00:00,1.7,88,9,0.0,0.953284206845452,0.0,1.0,6.123233995736766e-17,6,0.774199351158465,0.0,0.004,1.1163847188022897
2026-01-11 07:00:00,1.6,87,17,1.0,1.1163847188022897,0.004,0.9659258262890683,-0.25881904510252063,6,1.1238948148126655,0.004,0.34,0.8313754335664729
2026-01-11 08:00:00,4.3,79,9,85.0,0.8313754335664729,0.34,0.8660254037844387,-0.4999999999999998,6,1.0392679563437501,0.348,0.972,0.8857776559849049
2026-01-11 09:00:00,6.2,70,14,243.0,0.8857776559849049,0.972,0.7071067811865476,-0.7071067811865475,6,0.9156103850327668,1.004,1.548,1.2123273359255735
2026-01-11 10:00:00,7.3,63,5,387.0,1.2123273359255735,1.548,0.49999999999999994,-0.8660254037844387,6,1.1098900647092342,1.152,2.016,1.0794589547646467
2026-01-11 11:00:00,8.6,58,90,504.0,1.0794589547646467,2.016,0.258819045102521,-0.9659258262890682,6,0.723109194630201,1.596,1.352,1.0893280390051887
2026-01-11 12:00:00,8.9,59,100,338.0,1.0893280390051887,1.352,1.2246467991473532e-16,-1.0,6,0.962865668390167,1.604,0.868,0.9786101538080423
2026-01-11 13:00:00,9.5,54,97,217.0,0.9786101538080423,0.868,-0.2588190451025208,-0.9659258262890683,6,0.916288587710411,0.772,1.04,1.1611564490215474
2026-01-11 14:00:00,9.9,53,82,260.0,1.1611564490215474,1.04,-0.4999999999999997,-0.8660254037844388,6,0.9608863990364022,0.928,0.94,0.9831803882381266
2026-01-11 15:00:00,9.6,54,66,235.0,0.9831803882381266,0.94,-0.7071067811865471,-0.7071067811865479,6,1.2149837502544498,0.616,0.492,1.2257356372738453
2026-01-11 16:00:00,8.6,59,55,123.0,1.2257356372738453,0.492,-0.8660254037844385,-0.5000000000000004,6,1.257439870988953,0.392,0.072,1.5985735095369449
2026-01-11 17:00:00,6.2,72,70,18.0,1.5985735095369449,0.072,-0.9659258262890683,-0.25881904510252063,6,1.6122096126163497,0.076,0.0,2.137867672968583
2026-01-11 18:00:00,5.3,79,9,0.0,2.137867672968583,0.0,-1.0,-1.8369701987210297e-16,6,2.2808124680496427,0.0,0.0,2.7325981049912893
2026-01-11 19:00:00,4.2,82,2,0.0,2.7325981049912893,0.0,-0.9659258262890684,0.2588190451025203,6,2.6997148364762937,0.0,0.0,2.9284961349278826
2026-01-11 20:00:00,3.7,83,10,0.0,2.9284961349278826,0.0,-0.8660254037844386,0.5000000000000001,6,2.9854618942033215,0.0,0.0,2.775518125776103
2026-01-11 21:00:00,3.3,85,19,0.0,2.775518125776103,0.0,-0.7071067811865477,0.7071067811865474,6,2.6714116175029083,0.0,0.0,2.291585696402339
2026-01-11 22:00:00,3.0,87,25,0.0,2.291585696402339,0.0,-0.5000000000000004,0.8660254037844384,6,2.0941472492643585,0.0,0.0,1.7454729601392844
2026-01-11 23:00:00,2.3,88,26,0.0,1.7454729601392844,0.0,-0.25881904510252157,0.9659258262890681,6,1.6202951122536673,0.0,0.0,0.8898591835957155
2026-01-12 00:00:00,2.5,91,16,0.0,0.8898591835957155,0.0,0.0,1.0,0,0.9467737961536961,0.0,0.0,0.9714288164879129
2026-01-12 01:00:00,2.3,92,34,0.0,0.9714288164879129,0.0,0.25881904510252074,0.9659258262890683,0,1.135953029031722,0.0,0.0,1.0427903987743703
2026-01-12 02:00:00,1.6,94,5,0.0,1.0427903987743703,0.0,0.49999999999999994,0.8660254037844387,0,1.0807531856618744,0.0,0.0,0.9071407544496515
2026-01-12 03:00:00,0.0,96,8,0.0,0.9071407544496515,0.0,0.7071067811865476,0.7071067811865476,0,0.9784819028833552,0.0,0.0,1.0163410593879416
2026-01-12 04:00:00,-0.9,97,0,0.0,1.0163410593879416,0.0,0.8660254037844386,0.5000000000000001,0,1.1830974693448992,0.0,0.0,1.046064593015258
2026-01-12 05:00:00,-1.1,95,0,0.0,1.046064593015258,0.0,0.9659258262890683,0.25881904510252074,0,0.9537881008081809,0.0,0.0,0.9282545897700014
2026-01-12 06:00:00,-1.0,92,1,0.0,0.9282545897700014,0.0,1.0,6.123233995736766e-17,0,0.953284206845452,0.0,0.004,1.0966100539791335
2026-01-12 07:00:00,-1.4,91,5,1.0,1.0966100539791335,0.004,0.9659258262890683,-0.25881904510252063,0,1.1163847188022897,0.004,0.352,1.043490640867291
2026-01-12 08:00:00,1.6,85,6,88.0,1.043490640867291,0.352,0.8660254037844387,-0.4999999999999998,0,0.8313754335664729,0.34,1.024,0.9432791185618645
2026-01-12 09:00:00,5.2,69,0,256.0,0.9432791185618645,1.024,0.7071067811865476,-0.7071067811865475,0,0.8857776559849049,0.972,1.616,0.8954162419092381
2026-01-12 10:00:00,7.6,59,0,404.0,0.8954162419092381,1.616,0.49999999999999994,-0.8660254037844387,0,1.2123273359255735,1.548,2.096,0.9113850205711979
2026-01-12 11:00:00,9.9,53,0,524.0,0.9113850205711979,2.096,0.258819045102521,-0.9659258262890682,0,1.0794589547646467,2.016,2.3,1.0019451446685284
2026-01-12 12:00:00,11.5,44,0,575.0,1.0019451446685284,2.3,1.2246467991473532e-16,-1.0,0,1.0893280390051887,1.352,2.224,0.9863171686918346
2026-01-12 13:00:00,12.4,40,0,556.0,0.9863171686918346,2.224,-0.2588190451025208,-0.9659258262890683,0,0.9786101538080423,0.868,1.896,1.041888441449212
2026-01-12 14:00:00,12.0,45,0,474.0,1.041888441449212,1.896,-0.4999999999999997,-0.8660254037844388,0,1.1611564490215474,1.04,1.36,0.96673683804689
2026-01-12 15:00:00,10.9,47,0,340.0,0.96673683804689,1.36,-0.7071067811865471,-0.7071067811865479,0,0.9831803882381266,0.94,0.684,1.0569309194111305
2026-01-12 16:00:00,9.0,55,0,171.0,1.0569309194111305,0.684,-0.8660254037844385,-0.5000000000000004,0,1.2257356372738453,0.492,0.092,1.5067813784529596
2026-01-12 17:00:00,5.8,70,0,23.0,1.5067813784529596,0.092,-0.9659258262890683,-0.25881904510252063,0,1.5985735095369449,0.072,0.0,2.189524147017304
2026-01-12 18:00:00,4.3,78,0,0.0,2.189524147017304,0.0,-1.0,-1.8369701987210297e-16,0,2.137867672968583,0.0,0.0,2.858340367773572
2026-01-12 19:00:00,3.7,80,0,0.0,2.858340367773572,0.0,-0.9659258262890684,0.2588190451025203,0,2.7325981049912893,0.0,0.0,3.0440407461156864
2026-01-12 20:00:00,3.4,78,0,0.0,3.0440407461156864,0.0,-0.8660254037844386,0.5000000000000001,0,2.9284961349278826,0.0,0.0,2.7137080619455025
2026-01-12 21:00:00,3.0,75,0,0.0,2.7137080619455025,0.0,-0.7071067811865477,0.7071067811865474,0,2.775518125776103,0.0,0.0,2.347245696063921
2026-01-12 22:00:00,2.8,74,0,0.0,2.347245696063921,0.0,-0.5000000000000004,0.8660254037844384,0,2.291585696402339,0.0,0.0,1.6588969981310544
2026-01-12 23:00:00,2.7,74,0,0.0,1.6588969981310544,0.0,-0.25881904510252157,0.9659258262890681,0,1.7454729601392844,0.0,0.0,0.9808711510186156
2026-01-13 00:00:00,2.0,78,0,0.0,0.9808711510186156,0.0,0.0,1.0,1,0.8898591835957155,0.0,0.0,0.9949704504630159
2026-01-13 01:00:00,2.1,78,0,0.0,0.9949704504630159,0.0,0.25881904510252074,0.9659258262890683,1,0.9714288164879129,0.0,0.0,1.0564788128787108
2026-01-13 02:00:00,1.9,80,0,0.0,1.0564788128787108,0.0,0.49999999999999994,0.8660254037844387,1,1.0427903987743703,0.0,0.0,1.0317411137501147
2026-01-13 03:00:00,1.5,83,0,0.0,1.0317411137501147,0.0,0.7071067811865476,0.7071067811865476,1,0.9071407544496515,0.0,0.0,0.9531471131570749
2026-01-13 04:00:00,1.4,85,0,0.0,0.9531471131570749,0.0,0.8660254037844386,0.5000000000000001,1,1.0163410593879416,0.0,0.0,0.9608415977181518
2026-01-13 05:00:00,1.2,86,0,0.0,0.9608415977181518,0.0,0.9659258262890683,0.25881904510252074,1,1.046064593015258,0.0,0.0,0.9241541033623758
2026-01-13 06:00:00,1.2,86,0,0.0,0.9241541033623758,0.0,1.0,6.123233995736766e-17,1,0.9282545897700014,0.0,0.004,1.001491810760331
2026-01-13 07:00:00,1.4,85,0,1.0,1.001491810760331,0.004,0.9659258262890683,-0.25881904510252063,1,1.0966100539791335,0.004,0.384,1.1353801097757334
2026-01-13 08:00:00,4.1,72,0,96.0,1.1353801097757334,0.384,0.8660254037844387,-0.4999999999999998,1,1.043490640867291,0.352,1.084,0.9047800622968658
2026-01-13 09:00:00,7.5,57,0,271.0,0.9047800622968658,1.084,0.7071067811865476,-0.7071067811865475,1,0.9432791185618645,1.024,1.704,0.8794755251883685
2026-01-13 10:00:00,10.0,44,0,426.0,0.8794755251883685,1.704,0.49999999999999994,-0.8660254037844387,1,0.8954162419092381,1.616,2.132,1.1365042002243064
2026-01-13 11:00:00,11.5,38,0,533.0,1.1365042002243064,2.132,0.258819045102521,-0.9659258262890682,1,0.9113850205711979,2.096,2.32,0.935400275209652
2026-01-13 12:00:00,12.0,40,0,580.0,0.935400275209652,2.32,1.2246467991473532e-16,-1.0,1,1.0019451446685284,2.3,2.248,0.8088929327598907
2026-01-13 13:00:00,12.5,39,0,562.0,0.8088929327598907,2.248,-0.2588190451025208,-0.9659258262890683,1,0.9863171686918346,2.224,1.924,1.2280194241777294
2026-01-13 14:00:00,12.2,40,0,481.0,1.2280194241777294,1.924,-0.4999999999999997,-0.8660254037844388,1,1.041888441449212,1.896,1.388,1.1924979917468677
2026-01-13 15:00:00,11.1,44,0,347.0,1.1924979917468677,1.388,-0.7071067811865471,-0.7071067811865479,1,0.96673683804689,1.36,0.704,1.1572464094566033
2026-01-13 16:00:00,9.1,53,0,176.0,1.1572464094566033,0.704,-0.8660254037844385,-0.5000000000000004,1,1.0569309194111305,0.684,0.1,1.4737667528589329
2026-01-13 17:00:00,6.1,66,0,25.0,1.4737667528589329,0.1,-0.9659258262890683,-0.25881904510252063,1,1.5067813784529596,0.092,0.0,2.1110537881790243
2026-01-13 18:00:00,4.8,72,0,0.0,2.1110537881790243,0.0,-1.0,-1.8369701987210297e-16,1,2.189524147017304,0.0,0.0,2.822101876124297
2026-01-13 19:00:00,4.8,69,0,0.0,2.822101876124297,0.0,-0.9659258262890684,0.2588190451025203,1,2.858340367773572,0.0,0.0,2.8756003376846806
2026-01-13 20:00:00,4.5,66,0,0.0,2.8756003376846806,0.0,-0.8660254037844386,0.5000000000000001,1,3.0440407461156864,0.0,0.0,2.890973679451599
2026-01-13 21:00:00,4.1,60,0,0.0,2.890973679451599,0.0,-0.7071067811865477,0.7071067811865474,1,2.7137080619455025,0.0,0.0,2.2213827391347056
2026-01-13 22:00:00,3.5,57,0,0.0,2.2213827391347056,0.0,-0.5000000000000004,0.8660254037844384,1,2.347245696063921,0.0,0.0,1.5420648485949362
2026-01-13 23:00:00,3.3,55,0,0.0,1.5420648485949362,0.0,-0.25881904510252157,0.9659258262890681,1,1.6588969981310544,0.0,0.0,1.1690117496843582
2026-01-14 00:00:00,2.4,62,0,0.0,1.1690117496843582,0.0,0.0,1.0,2,0.9808711510186156,0.0,0.0,0.7844659036442245
2026-01-14 01:00:00,2.7,60,0,0.0,0.7844659036442245,0.0,0.25881904510252074,0.9659258262890683,2,0.9949704504630159,0.0,0.0,1.1222274708807445
2026-01-14 02:00:00,2.5,57,0,0.0,1.1222274708807445,0.0,0.49999999999999994,0.8660254037844387,2,1.0564788128787108,0.0,0.0,0.9178302416612567
2026-01-14 03:00:00,2.1,55,0,0.0,0.9178302416612567,0.0,0.7071067811865476,0.7071067811865476,2,1.0317411137501147,0.0,0.0,0.948363460847889
2026-01-14 04:00:00,1.5,55,0,0.0,0.948363460847889,0.0,0.8660254037844386,0.5000000000000001,2,0.9531471131570749,0.0,0.0,1.0833188416570072
2026-01-14 05:00:00,1.3,55,0,0.0,1.0833188416570072,0.0,0.9659258262890683,0.25881904510252074,2,0.9608415977181518,0.0,0.0,1.1129758340387066
2026-01-14 06:00:00,0.4,62,16,0.0,1.1129758340387066,0.0,1.0,6.123233995736766e-17,2,0.9241541033623758,0.0,0.008,1.083388046320599
2026-01-14 07:00:00,0.5,60,30,2.0,1.083388046320599,0.008,0.9659258262890683,-0.25881904510252063,2,1.001491810760331,0.004,0.388,1.0629770333524593
2026-01-14 08:00:00,3.7,51,22,97.0,1.0629770333524593,0.388,0.8660254037844387,-0.4999999999999998,2,1.1353801097757334,0.384,1.088,0.878285011541751
2026-01-14 09:00:00,7.6,43,0,272.0,0.878285011541751,1.088,0.7071067811865476,-0.7071067811865475,2,0.9047800622968658,1.084,1.724,0.9191389608180419
2026-01-14 10:00:00,10.4,35,34,431.0,0.9191389608180419,1.724,0.49999999999999994,-0.8660254037844387,2,0.8794755251883685,1.704,2.136,1.228351229866249
2026-01-14 11:00:00,12.3,32,41,534.0,1.228351229866249,2.136,0.258819045102521,-0.9659258262890682,2,1.1365042002243064,2.132,2.332,1.2413461482515373
2026-01-14 12:00:00,13.3,30,58,583.0,1.2413461482515373,2.332,1.2246467991473532e-16,-1.0,2,0.935400275209652,2.32,2.232,1.012675025870298
2026-01-14 13:00:00,14.5,24,92,558.0,1.012675025870298,2.232,-0.2588190451025208,-0.9659258262890683,2,0.8088929327598907,2.248,1.88,0.8795185856125873
2026-01-14 14:00:00,14.6,21,53,470.0,0.8795185856125873,1.88,-0.4999999999999997,-0.8660254037844388,2,1.2280194241777294,1.924,1.388,1.057428666143819
2026-01-14 15:00:00,14.1,23,95,347.0,1.057428666143819,1.388,-0.7071067811865471,-0.7071067811865479,2,1.1924979917468677,1.388,0.668,1.2392000801022771
2026-01-14 16:00:00,11.7,42,44,167.0,1.2392000801022771,0.668,-0.8660254037844385,-0.5000000000000004,2,1.1572464094566033,0.704,0.1,1.646895004818233
2026-01-14 17:00:00,9.0,46,12,25.0,1.646895004818233,0.1,-0.9659258262890683,-0.25881904510252063,2,1.4737667528589329,0.1,0.0,2.1571832414221896
2026-01-14 18:00:00,8.0,50,0,0.0,2.1571832414221896,0.0,-1.0,-1.8369701987210297e-16,2,2.1110537881790243,0.0,0.0,2.853165283855021
2026-01-14 19:00:00,6.4,56,2,0.0,2.853165283855021,0.0,-0.9659258262890684,0.2588190451025203,2,2.822101876124297,0.0,0.0,3.1847927824222237
2026-01-14 20:00:00,5.6,62,0,0.0,3.1847927824222237,0.0,-0.8660254037844386,0.5000000000000001,2,2.8756003376846806,0.0,0.0,2.750750154222633
2026-01-14 21:00:00,3.7,72,41,0.0,2.750750154222633,0.0,-0.7071067811865477,0.7071067811865474,2,2.890973679451599,0.0,0.0,2.1007101347605697
2026-01-14 22:00:00,1.9,83,4,0.0,2.1007101347605697,0.0,-0.5000000000000004,0.8660254037844384,2,2.2213827391347056,0.0,0.0,1.7425186225216662
2026-01-14 23:00:00,1.0,87,88,0.0,1.7425186225216662,0.0,-0.25881904510252157,0.9659258262890681,2,1.5420648485949362,0.0,0.0,0.977304236745599
2026-01-15 00:00:00,2.2,74,100,0.0,0.977304236745599,0.0,0.0,1.0,3,1.1690117496843582,0.0,0.0,1.1487203326390338
2026-01-15 01:00:00,3.0,67,88,0.0,1.1487203326390338,0.0,0.25881904510252074,0.9659258262890683,3,0.7844659036442245,0.0,0.0,1.0490087560385892
2026-01-15 02:00:00,2.9,66,88,0.0,1.0490087560385892,0.0,0.49999999999999994,0.8660254037844387,3,1.1222274708807445,0.0,0.0,0.7701455461546909
2026-01-15 03:00:00,2.5,66,98,0.0,0.7701455461546909,0.0,0.7071067811865476,0.7071067811865476,3,0.9178302416612567,0.0,0.0,0.9115949073060781
2026-01-15 04:00:00,4.7,58,80,0.0,0.9115949073060781,0.0,0.8660254037844386,0.5000000000000001,3,0.948363460847889,0.0,0.0,1.0373644651167813
2026-01-15 05:00:00,3.9,59,58,0.0,1.0373644651167813,0.0,0.9659258262890683,0.25881904510252074,3,1.0833188416570072,0.0,0.0,0.996170530613218
2026-01-15 06:00:00,3.0,60,100,0.0,0.996170530613218,0.0,1.0,6.123233995736766e-17,3,1.1129758340387066,0.0,0.004,1.0438432600032719
2026-01-15 07:00:00,4.3,69,78,1.0,1.0438432600032719,0.004,0.9659258262890683,-0.25881904510252063,3,1.083388046320599,0.008,0.192,0.878262770431106
2026-01-15 08:00:00,5.1,81,66,48.0,0.878262770431106,0.192,0.8660254037844387,-0.4999999999999998,3,1.0629770333524593,0.388,0.908,1.0806212983241692
2026-01-15 09:00:00,9.0,78,91,227.0,1.0806212983241692,0.908,0.7071067811865476,-0.7071067811865475,3,0.878285011541751,1.088,1.348,0.9990573501786248
2026-01-15 10:00:00,10.8,54,85,337.0,0.9990573501786248,1.348,0.49999999999999994,-0.8660254037844387,3,0.9191389608180419,1.724,1.848,0.8940111724865694
2026-01-15 11:00:00,12.5,41,61,462.0,0.8940111724865694,1.848,0.258819045102521,-0.9659258262890682,3,1.228351229866249,2.136,1.9,1.0688364428099952
2026-01-15 12:00:00,13.3,36,63,475.0,1.0688364428099952,1.9,1.2246467991473532e-16,-1.0,3,1.2413461482515373,2.332,1.884,0.9453435462510864
2026-01-15 13:00:00,13.7,34,94,471.0,0.9453435462510864,1.884,-0.2588190451025208,-0.9659258262890683,3,1.012675025870298,2.232,1.264,1.0175816280178456
2026-01-15 14:00:00,13.2,37,100,316.0,1.0175816280178456,1.264,-0.4999999999999997,-0.8660254037844388,3,0.8795185856125873,1.88,0.692,1.3031457953482608
2026-01-15 15:00:00,11.7,47,100,173.0,1.3031457953482608,0.692,-0.7071067811865471,-0.7071067811865479,3,1.057428666143819,1.388,0.22,1.322689132940718
2026-01-15 16:00:00,10.3,61,100,55.0,1.322689132940718,0.22,-0.8660254037844385,-0.5000000000000004,3,1.2392000801022771,0.668,0.052,1.493730927748143
2026-01-15 17:00:00,8.5,73,99,13.0,1.493730927748143,0.052,-0.9659258262890683,-0.25881904510252063,3,1.646895004818233,0.1,0.0,2.251363147444337
2026-01-15 18:00:00,8.9,70,100,0.0,2.251363147444337,0.0,-1.0,-1.8369701987210297e-16,3,2.1571832414221896,0.0,0.0,2.9518462207352463
2026-01-15 19:00:00,7.5,78,94,0.0,2.9518462207352463,0.0,-0.9659258262890684,0.2588190451025203,3,2.853165283855021,0.0,0.0,2.9636034298298237
2026-01-15 20:00:00,6.5,86,100,0.0,2.9636034298298237,0.0,-0.8660254037844386,0.5000000000000001,3,3.1847927824222237,0.0,0.0,2.710141929444771
2026-01-15 21:00:00,6.2,91,99,0.0,2.710141929444771,0.0,-0.7071067811865477,0.7071067811865474,3,2.750750154222633,0.0,0.0,2.23362185360932
2026-01-15 22:00:00,5.9,91,98,0.0,2.23362185360932,0.0,-0.5000000000000004,0.8660254037844384,3,2.1007101347605697,0.0,0.0,1.621965958791172
2026-01-15 23:00:00,5.1,90,98,0.0,1.621965958791172,0.0,-0.25881904510252157,0.9659258262890681,3,1.7425186225216662,0.0,0.0,0.7924722258097037
2026-01-16 00:00:00,5.8,85,100,0.0,0.7924722258097037,0.0,0.0,1.0,4,0.977304236745599,0.0,0.0,1.033193089428685
2026-01-16 01:00:00,5.9,86,100,0.0,1.033193089428685,0.0,0.25881904510252074,0.9659258262890683,4,1.1487203326390338,0.0,0.0,1.19936637241336
2026-01-16 02:00:00,5.8,87,100,0.0,1.19936637241336,0.0,0.49999999999999994,0.8660254037844387,4,1.0490087560385892,0.0,0.0,1.0571077102047435
2026-01-16 03:00:00,5.6,95,100,0.0,1.0571077102047435,0.0,0.7071067811865476,0.7071067811865476,4,0.7701455461546909,0.0,0.0,1.032628800945028
2026-01-16 04:00:00,5.4,98,100,0.0,1.032628800945028,0.0,0.8660254037844386,0.5000000000000001,4,0.9115949073060781,0.0,0.0,0.9530538291279674
2026-01-16 05:00:00,5.3,99,100,0.0,0.9530538291279674,0.0,0.9659258262890683,0.25881904510252074,4,1.0373644651167813,0.0,0.0,0.8095695884396891
2026-01-16 06:00:00,5.8,97,100,0.0,0.8095695884396891,0.0,1.0,6.123233995736766e-17,4,0.996170530613218,0.0,0.0,1.098191203851719
2026-01-16 07:00:00,5.6,99,100,0.0,1.098191203851719,0.0,0.9659258262890683,-0.25881904510252063,4,1.0438432600032719,0.004,0.044,1.0656705066536132
2026-01-16 08:00:00,5.9,99,100,11.0,1.0656705066536132,0.044,0.8660254037844387,-0.4999999999999998,4,0.878262770431106,0.192,0.14,1.124044889136726
2026-01-16 09:00:00,6.0,96,100,35.0,1.124044889136726,0.14,0.7071067811865476,-0.7071067811865475,4,1.0806212983241692,0.908,0.276,1.1314550117174782
2026-01-16 10:00:00,6.2,94,100,69.0,1.1314550117174782,0.276,0.49999999999999994,-0.8660254037844387,4,0.9990573501786248,1.348,0.196,0.952461010741193
2026-01-16 11:00:00,6.1,95,100,49.0,0.952461010741193,0.196,0.258819045102521,-0.9659258262890682,4,0.8940111724865694,1.848,0.484,0.9059891766368945
2026-01-16 12:00:00,6.7,88,100,121.0,0.9059891766368945,0.484,1.2246467991473532e-16,-1.0,4,1.0688364428099952,1.9,0.46,1.069316827363421
2026-01-16 13:00:00,7.1,84,100,115.0,1.069316827363421,0.46,-0.2588190451025208,-0.9659258262890683,4,0.9453435462510864,1.884,0.56,1.1620431833261828
2026-01-16 14:00:00,7.7,81,100,140.0,1.1620431833261828,0.56,-0.4999999999999997,-0.8660254037844388,4,1.0175816280178456,1.264,0.244,0.9785424528413609
2026-01-16 15:00:00,7.1,86,100,61.0,0.9785424528413609,0.244,-0.7071067811865471,-0.7071067811865479,4,1.3031457953482608,0.692,0.192,1.210210744000497
2026-01-16 16:00:00,6.9,90,100,48.0,1.210210744000497,0.192,-0.8660254037844385,-0.5000000000000004,4,1.322689132940718,0.22,0.036,1.5255987791208254
2026-01-16 17:00:00,6.2,96,66,9.0,1.5255987791208254,0.036,-0.9659258262890683,-0.25881904510252063,4,1.493730927748143,0.052,0.0,2.1582204486840655
2026-01-16 18:00:00,5.4,95,23,0.0,2.1582204486840655,0.0,-1.0,-1.8369701987210297e-16,4,2.251363147444337,0.0,0.0,2.6232795375199096
2026-01-16 19:00:00,4.6,96,98,0.0,2.6232795375199096,0.0,-0.9659258262890684,0.2588190451025203,4,2.9518462207352463,0.0,0.0,3.115309363338286
2026-01-16 20:00:00,5.4,95,100,0.0,3.115309363338286,0.0,-0.8660254037844386,0.5000000000000001,4,2.9636034298298237,0.0,0.0,2.855217967195918
2026-01-16 21:00:00,5.8,95,100,0.0,2.855217967195918,0.0,-0.7071067811865477,0.7071067811865474,4,2.710141929444771,0.0,0.0,2.0954981066657874
2026-01-16 22:00:00,5.5,97,100,0.0,2.0954981066657874,0.0,-0.5000000000000004,0.8660254037844384,4,2.23362185360932,0.0,0.0,1.616290274135189
2026-01-16 23:00:00,5.0,98,56,0.0,1.616290274135189,0.0,-0.25881904510252157,0.9659258262890681,4,1.621965958791172,0.0,0.0,1.0436872386840974
2026-01-17 00:00:00,4.3,96,100,0.0,1.0436872386840974,0.0,0.0,1.0,5,0.7924722258097037,0.0,0.0,0.9511382430312043
2026-01-17 01:00:00,4.1,98,99,0.0,0.9511382430312043,0.0,0.25881904510252074,0.9659258262890683,5,1.033193089428685,0.0,0.0,0.8259101507528129
2026-01-17 02:00:00,3.5,99,19,0.0,0.8259101507528129,0.0,0.49999999999999994,0.8660254037844387,5,1.19936637241336,0.0,0.0,0.8503745057272398
2026-01-17 03:00:00,1.4,100,77,0.0,0.8503745057272398,0.0,0.7071067811865476,0.7071067811865476,5,1.0571077102047435,0.0,0.0,1.0982751341752386
2026-01-17 04:00:00,0.4,100,98,0.0,1.0982751341752386,0.0,0.8660254037844386,0.5000000000000001,5,1.032628800945028,0.0,0.0,0.9714169420418757
2026-01-17 05:00:00,-0.3,100,99,0.0,0.9714169420418757,0.0,0.9659258262890683,0.25881904510252074,5,0.9530538291279674,0.0,0.0,0.975942914847148
2026-01-17 06:00:00,-0.3,99,100,0.0,0.975942914847148,0.0,1.0,6.123233995736766e-17,5,0.8095695884396891,0.0,0.008,0.938107962200099
2026-01-17 07:00:00,-0.0,100,88,2.0,0.938107962200099,0.008,0.9659258262890683,-0.25881904510252063,5,1.098191203851719,0.0,0.336,0.9024697960648037
2026-01-17 08:00:00,3.4,93,4,84.0,0.9024697960648037,0.336,0.8660254037844387,-0.4999999999999998,5,1.0656705066536132,0.044,0.988,0.9684575199569949
2026-01-17 09:00:00,7.3,85,5,247.0,0.9684575199569949,0.988,0.7071067811865476,-0.7071067811865475,5,1.124044889136726,0.14,1.604,0.987722223718703
2026-01-17 10:00:00,10.2,66,0,401.0,0.987722223718703,1.604,0.49999999999999994,-0.8660254037844387,5,1.1314550117174782,0.276,2.112,1.2001981278600669
2026-01-17 11:00:00,12.0,51,0,528.0,1.2001981278600669,2.112,0.258819045102521,-0.9659258262890682,5,0.952461010741193,0.196,2.332,1.0987265516367546
2026-01-17 12:00:00,12.3,49,10,583.0,1.0987265516367546,2.332,1.2246467991473532e-16,-1.0,5,0.9059891766368945,0.484,2.16,0.8855830936969942
2026-01-17 13:00:00,12.6,47,54,540.0,0.8855830936969942,2.16,-0.2588190451025208,-0.9659258262890683,5,1.069316827363421,0.46,1.72,1.0642969509719475
2026-01-17 14:00:00,11.9,52,99,430.0,1.0642969509719475,1.72,-0.4999999999999997,-0.8660254037844388,5,1.1620431833261828,0.56,1.14,0.8673155680181299
2026-01-17 15:00:00,11.2,56,100,285.0,0.8673155680181299,1.14,-0.7071067811865471,-0.7071067811865479,5,0.9785424528413609,0.244,0.484,1.2259453466473924
2026-01-17 16:00:00,10.0,63,100,121.0,1.2259453466473924,0.484,-0.8660254037844385,-0.5000000000000004,5,1.210210744000497,0.192,0.084,1.5634065586289445
2026-01-17 17:00:00,7.5,75,100,21.0,1.5634065586289445,0.084,-0.9659258262890683,-0.25881904510252063,5,1.5255987791208254,0.036,0.0,2.3391637740683913
2026-01-17 18:00:00,6.8,79,100,0.0,2.3391637740683913,0.0,-1.0,-1.8369701987210297e-16,5,2.1582204486840655,0.0,0.0,2.715911898598784
2026-01-17 19:00:00,6.1,83,7,0.0,2.715911898598784,0.0,-0.9659258262890684,0.2588190451025203,5,2.6232795375199096,0.0,0.0,2.9061186146370535
2026-01-17 20:00:00,4.6,89,2,0.0,2.9061186146370535,0.0,-0.8660254037844386,0.5000000000000001,5,3.115309363338286,0.0,0.0,2.877325618933362
2026-01-17 21:00:00,3.9,88,29,0.0,2.877325618933362,0.0,-0.7071067811865477,0.7071067811865474,5,2.855217967195918,0.0,0.0,2.1758157439941135
2026-01-17 22:00:00,4.1,82,100,0.0,2.1758157439941135,0.0,-0.5000000000000004,0.8660254037844384,5,2.0954981066657874,0.0,0.0,1.558713145552974
2026-01-17 23:00:00,4.6,78,100,0.0,1.558713145552974,0.0,-0.25881904510252157,0.9659258262890681,5,1.616290274135189,0.0,0.0,1.0042088670866183
2026-01-18 00:00:00,4.5,80,100,0.0,1.0042088670866183,0.0,0.0,1.0,6,1.0436872386840974,0.0,0.0,0.910020579095052
2026-01-18 01:00:00,4.9,78,100,0.0,0.910020579095052,0.0,0.25881904510252074,0.9659258262890683,6,0.9511382430312043,0.0,0.0,0.8472904968429555
2026-01-18 02:00:00,4.9,79,100,0.0,0.8472904968429555,0.0,0.49999999999999994,0.8660254037844387,6,0.8259101507528129,0.0,0.0,0.9888097266546452
2026-01-18 03:00:00,4.5,82,100,0.0,0.9888097266546452,0.0,0.7071067811865476,0.7071067811865476,6,0.8503745057272398,0.0,0.0,1.0177596491621306
2026-01-18 04:00:00,3.5,87,100,0.0,1.0177596491621306,0.0,0.8660254037844386,0.5000000000000001,6,1.0982751341752386,0.0,0.0,0.9119903705981053
2026-01-18 05:00:00,2.9,91,96,0.0,0.9119903705981053,0.0,0.9659258262890683,0.25881904510252074,6,0.9714169420418757,0.0,0.0,0.9898325843744481
2026-01-18 06:00:00,2.6,92,97,0.0,0.9898325843744481,0.0,1.0,6.123233995736766e-17,6,0.975942914847148,0.0,0.008,0.9980695477541908
2026-01-18 07:00:00,1.8,95,98,2.0,0.9980695477541908,0.008,0.9659258262890683,-0.25881904510252063,6,0.938107962200099,0.008,0.336,1.0988968923501359
2026-01-18 08:00:00,4.6,84,100,84.0,1.0988968923501359,0.336,0.8660254037844387,-0.4999999999999998,6,0.9024697960648037,0.336,0.88,0.9854206769212893
2026-01-18 09:00:00,8.1,69,100,220.0,0.9854206769212893,0.88,0.7071067811865476,-0.7071067811865475,6,0.9684575199569949,0.988,1.548,1.0344103619750917
2026-01-18 10:00:00,9.6,61,100,387.0,1.0344103619750917,1.548,0.49999999999999994,-0.8660254037844387,6,0.987722223718703,1.604,1.652,0.9395502512507761
2026-01-18 11:00:00,10.6,56,100,413.0,0.9395502512507761,1.652,0.258819045102521,-0.9659258262890682,6,1.2001981278600669,2.112,1.508,0.9582999349732696
2026-01-18 12:00:00,10.3,56,100,377.0,0.9582999349732696,1.508,1.2246467991473532e-16,-1.0,6,1.0987265516367546,2.332,0.876,0.8420914479545085
2026-01-18 13:00:00,10.5,55,100,219.0,0.8420914479545085,0.876,-0.2588190451025208,-0.9659258262890683,6,0.8855830936969942,2.16,0.844,1.0029495560031583
2026-01-18 14:00:00,10.6,54,100,211.0,1.0029495560031583,0.844,-0.4999999999999997,-0.8660254037844388,6,1.0642969509719475,1.72,0.824,1.2010314126373252
2026-01-18 15:00:00,10.8,51,100,206.0,1.2010314126373252,0.824,-0.7071067811865471,-0.7071067811865479,6,0.8673155680181299,1.14,0.528,1.3550514258491466
2026-01-18 16:00:00,9.7,54,100,132.0,1.3550514258491466,0.528,-0.8660254037844385,-0.5000000000000004,6,1.2259453466473924,0.484,0.088,1.6256161737301587
2026-01-18 17:00:00,6.6,78,100,22.0,1.6256161737301587,0.088,-0.9659258262890683,-0.25881904510252063,6,1.5634065586289445,0.084,0.0,2.278509457064457
2026-01-18 18:00:00,5.9,89,100,0.0,2.278509457064457,0.0,-1.0,-1.8369701987210297e-16,6,2.3391637740683913,0.0,0.0,2.7650873664120126
2026-01-18 19:00:00,5.3,92,100,0.0,2.7650873664120126,0.0,-0.9659258262890684,0.2588190451025203,6,2.715911898598784,0.0,0.0,2.917756390107894
2026-01-18 20:00:00,4.6,95,100,0.0,2.917756390107894,0.0,-0.8660254037844386,0.5000000000000001,6,2.9061186146370535,0.0,0.0,2.765716104622708
2026-01-18 21:00:00,4.5,97,100,0.0,2.765716104622708,0.0,-0.7071067811865477,0.7071067811865474,6,2.877325618933362,0.0,0.0,2.273386442158778
2026-01-18 22:00:00,4.5,94,100,0.0,2.273386442158778,0.0,-0.5000000000000004,0.8660254037844384,6,2.1758157439941135,0.0,0.0,1.5977538614483506
2026-01-18 23:00:00,4.2,95,100,0.0,1.5977538614483506,0.0,-0.25881904510252157,0.9659258262890681,6,1.558713145552974,0.0,0.0,1.0413265873192787
2026-01-19 00:00:00,4.3,89,97,0.0,1.0413265873192787,0.0,0.0,1.0,0,1.0042088670866183,0.0,0.0,0.9702939245045354
2026-01-19 01:00:00,3.5,88,41,0.0,0.9702939245045354,0.0,0.25881904510252074,0.9659258262890683,0,0.910020579095052,0.0,0.0,1.0163018678112503
2026-01-19 02:00:00,2.4,89,46,0.0,1.0163018678112503,0.0,0.49999999999999994,0.8660254037844387,0,0.8472904968429555,0.0,0.0,0.9340995324695933
2026-01-19 03:00:00,2.1,88,45,0.0,0.9340995324695933,0.0,0.7071067811865476,0.7071067811865476,0,0.9888097266546452,0.0,0.0,1.116282463696813
2026-01-19 04:00:00,2.1,87,96,0.0,1.116282463696813,0.0,0.8660254037844386,0.5000000000000001,0,1.0177596491621306,0.0,0.0,0.9157202548313463
2026-01-19 05:00:00,3.2,86,77,0.0,0.9157202548313463,0.0,0.9659258262890683,0.25881904510252074,0,0.9119903705981053,0.0,0.0,1.2365704483187752
2026-01-19 06:00:00,3.5,93,34,0.0,1.2365704483187752,0.0,1.0,6.123233995736766e-17,0,0.9898325843744481,0.0,0.008,0.9945616317053088
2026-01-19 07:00:00,2.8,92,26,2.0,0.9945616317053088,0.008,0.9659258262890683,-0.25881904510252063,0,0.9980695477541908,0.008,0.356,1.0088772340578236
2026-01-19 08:00:00,5.0,89,39,89.0,1.0088772340578236,0.356,0.8660254037844387,-0.4999999999999998,0,1.0988968923501359,0.336,1.012,1.062277445719639
2026-01-19 09:00:00,6.5,82,39,253.0,1.062277445719639,1.012,0.7071067811865476,-0.7071067811865475,0,0.9854206769212893,0.88,1.544,0.9526328175707386
2026-01-19 10:00:00,7.7,74,45,386.0,0.9526328175707386,1.544,0.49999999999999994,-0.8660254037844387,0,1.0344103619750917,1.548,1.66,1.0109663745171535
2026-01-19 11:00:00,8.5,67,41,415.0,1.0109663745171535,1.66,0.258819045102521,-0.9659258262890682,0,0.9395502512507761,1.652,1.568,1.0185657531103822
2026-01-19 12:00:00,9.1,59,96,392.0,1.0185657531103822,1.568,1.2246467991473532e-16,-1.0,0,0.9582999349732696,1.508,1.372,1.1073945510014744
2026-01-19 13:00:00,9.6,56,97,343.0,1.1073945510014744,1.372,-0.2588190451025208,-0.9659258262890683,0,0.8420914479545085,0.876,0.888,0.9493902743183031
2026-01-19 14:00:00,9.4,55,100,222.0,0.9493902743183031,0.888,-0.4999999999999997,-0.8660254037844388,0,1.0029495560031583,0.844,0.852,1.156431098792402
2026-01-19 15:00:00,9.7,53,100,213.0,1.156431098792402,0.852,-0.7071067811865471,-0.7071067811865479,0,1.2010314126373252,0.824,0.548,1.2591747169614997
2026-01-19 16:00:00,8.9,59,95,137.0,1.2591747169614997,0.548,-0.8660254037844385,-0.5000000000000004,0,1.3550514258491466,0.528,0.108,1.6765984051199032
2026-01-19 17:00:00,5.9,73,99,27.0,1.6765984051199032,0.108,-0.9659258262890683,-0.25881904510252063,0,1.6256161737301587,0.088,0.0,2.2248472362741203
2026-01-19 18:00:00,5.3,80,95,0.0,2.2248472362741203,0.0,-1.0,-1.8369701987210297e-16,0,2.278509457064457,0.0,0.0,2.624024580296774
2026-01-19 19:00:00,4.7,82,94,0.0,2.624024580296774,0.0,-0.9659258262890684,0.2588190451025203,0,2.7650873664120126,0.0,0.0,3.015362665951937
2026-01-19 20:00:00,4.9,82,50,0.0,3.015362665951937,0.0,-0.8660254037844386,0.5000000000000001,0,2.917756390107894,0.0,0.0,2.6828417046543245
2026-01-19 21:00:00,4.4,85,75,0.0,2.6828417046543245,0.0,-0.7071067811865477,0.7071067811865474,0,2.765716104622708,0.0,0.0,2.1153399540076676
2026-01-19 22:00:00,4.5,86,98,0.0,2.1153399540076676,0.0,-0.5000000000000004,0.8660254037844384,0,2.273386442158778,0.0,0.0,1.7224225241965607
2026-01-19 23:00:00,4.5,90,97,0.0,1.7224225241965607,0.0,-0.25881904510252157,0.9659258262890681,0,1.5977538614483506,0.0,0.0,0.9284981351886521
2026-01-20 00:00:00,4.5,93,91,0.0,0.9284981351886521,0.0,0.0,1.0,1,1.0413265873192787,0.0,0.0,1.0203063960188956
2026-01-20 01:00:00,3.9,96,83,0.0,1.0203063960188956,0.0,0.25881904510252074,0.9659258262890683,1,0.9702939245045354,0.0,0.0,0.8699929761784557
2026-01-20 02:00:00,3.5,97,100,0.0,0.8699929761784557,0.0,0.49999999999999994,0.8660254037844387,1,1.0163018678112503,0.0,0.0,0.862013207450645
2026-01-20 03:00:00,3.9,98,100,0.0,0.862013207450645,0.0,0.7071067811865476,0.7071067811865476,1,0.9340995324695933,0.0,0.0,1.2042058233279498
2026-01-20 04:00:00,3.8,98,100,0.0,1.2042058233279498,0.0,0.8660254037844386,0.5000000000000001,1,1.116282463696813,0.0,0.0,1.0282893520241563
2026-01-20 05:00:00,4.3,97,100,0.0,1.0282893520241563,0.0,0.9659258262890683,0.25881904510252074,1,0.9157202548313463,0.0,0.0,0.9687781160724996
2026-01-20 06:00:00,4.4,95,100,0.0,0.9687781160724996,0.0,1.0,6.123233995736766e-17,1,1.2365704483187752,0.0,0.004,1.0467502326599043
2026-01-20 07:00:00,4.9,97,98,1.0,1.0467502326599043,0.004,0.9659258262890683,-0.25881904510252063,1,0.9945616317053088,0.008,0.152,1.1812417646306705
2026-01-20 08:00:00,5.4,95,81,38.0,1.1812417646306705,0.152,0.8660254037844387,-0.4999999999999998,1,1.0088772340578236,0.356,0.752,1.0012140431287542
2026-01-20 09:00:00,6.3,89,98,188.0,1.0012140431287542,0.752,0.7071067811865476,-0.7071067811865475,1,1.062277445719639,1.012,1.088,1.1434763625671471
2026-01-20 10:00:00,7.1,82,100,272.0,1.1434763625671471,1.088,0.49999999999999994,-0.8660254037844387,1,0.9526328175707386,1.544,1.212,0.8988205630464808
2026-01-20 11:00:00,8.1,74,100,303.0,0.8988205630464808,1.212,0.258819045102521,-0.9659258262890682,1,1.0109663745171535,1.66,1.448,1.213866839025828
2026-01-20 12:00:00,8.1,74,100,362.0,1.213866839025828,1.448,1.2246467991473532e-16,-1.0,1,1.0185657531103822,1.568,1.084,1.012348621708151
2026-01-20 13:00:00,8.4,71,100,271.0,1.012348621708151,1.084,-0.2588190451025208,-0.9659258262890683,1,1.1073945510014744,1.372,0.96,1.066826958287626
2026-01-20 14:00:00,8.7,66,100,240.0,1.066826958287626,0.96,-0.4999999999999997,-0.8660254037844388,1,0.9493902743183031,0.888,0.776,1.1021818544895698
2026-01-20 15:00:00,9.2,62,100,194.0,1.1021818544895698,0.776,-0.7071067811865471,-0.7071067811865479,1,1.156431098792402,0.852,0.448,1.2745389495901616
2026-01-20 16:00:00,8.5,65,100,112.0,1.2745389495901616,0.448,-0.8660254037844385,-0.5000000000000004,1,1.2591747169614997,0.548,0.048,1.3355574237835102
2026-01-20 17:00:00,6.6,83,100,12.0,1.3355574237835102,0.048,-0.9659258262890683,-0.25881904510252063,1,1.6765984051199032,0.108,0.0,2.2292114772919276
2026-01-20 18:00:00,5.8,89,100,0.0,2.2292114772919276,0.0,-1.0,-1.8369701987210297e-16,1,2.2248472362741203,0.0,0.0,2.54766667677799
2026-01-20 19:00:00,5.5,91,100,0.0,2.54766667677799,0.0,-0.9659258262890684,0.2588190451025203,1,2.624024580296774,0.0,0.0,2.901908051221012
2026-01-20 20:00:00,4.8,94,100,0.0,2.901908051221012,0.0,-0.8660254037844386,0.5000000000000001,1,3.015362665951937,0.0,0.0,2.7901929502497036
2026-01-20 21:00:00,4.9,94,100,0.0,2.7901929502497036,0.0,-0.7071067811865477,0.7071067811865474,1,2.6828417046543245,0.0,0.0,2.2402017291355447
2026-01-20 22:00:00,5.0,95,100,0.0,2.2402017291355447,0.0,-0.5000000000000004,0.8660254037844384,1,2.1153399540076676,0.0,0.0,1.647359805460173
2026-01-20 23:00:00,5.2,94,100,0.0,1.647359805460173,0.0,-0.25881904510252157,0.9659258262890681,1,1.7224225241965607,0.0,0.0,1.2050395585370688
2026-01-21 00:00:00,6.0,93,100,0.0,1.2050395585370688,0.0,0.0,1.0,2,0.9284981351886521,0.0,0.0,0.96567937730819
2026-01-21 01:00:00,5.6,95,100,0.0,0.96567937730819,0.0,0.25881904510252074,0.9659258262890683,2,1.0203063960188956,0.0,0.0,1.113424135415357
2026-01-21 02:00:00,5.6,96,100,0.0,1.113424135415357,0.0,0.49999999999999994,0.8660254037844387,2,0.8699929761784557,0.0,0.0,0.9500680036580764
2026-01-21 03:00:00,5.7,98,100,0.0,0.9500680036580764,0.0,0.7071067811865476,0.7071067811865476,2,0.862013207450645,0.0,0.0,0.9121767732689993
2026-01-21 04:00:00,5.8,98,100,0.0,0.9121767732689993,0.0,0.8660254037844386,0.5000000000000001,2,1.2042058233279498,0.0,0.0,1.2263712972458274
2026-01-21 05:00:00,5.6,98,100,0.0,1.2263712972458274,0.0,0.9659258262890683,0.25881904510252074,2,1.0282893520241563,0.0,0.0,0.9140456131992025
2026-01-21 06:00:00,6.2,98,97,0.0,0.9140456131992025,0.0,1.0,6.123233995736766e-17,2,0.9687781160724996,0.0,0.004,1.2477226270645054
2026-01-21 07:00:00,6.3,98,95,1.0,1.2477226270645054,0.004,0.9659258262890683,-0.25881904510252063,2,1.0467502326599043,0.004,0.136,0.9195125842121499
2026-01-21 08:00:00,6.8,97,100,34.0,0.9195125842121499,0.136,0.8660254037844387,-0.4999999999999998,2,1.1812417646306705,0.152,0.192,0.8576585050560108
2026-01-21 09:00:00,7.3,96,100,48.0,0.8576585050560108,0.192,0.7071067811865476,-0.7071067811865475,2,1.0012140431287542,0.752,0.24,0.936275804258879
2026-01-21 10:00:00,7.5,94,96,60.0,0.936275804258879,0.24,0.49999999999999994,-0.8660254037844387,2,1.1434763625671471,1.088,0.876,1.2950830367571566
2026-01-21 11:00:00,8.3,85,93,219.0,1.2950830367571566,0.876,0.258819045102521,-0.9659258262890682,2,0.8988205630464808,1.212,0.724,0.9717549791233798
2026-01-21 12:00:00,9.1,80,78,181.0,0.9717549791233798,0.724,1.2246467991473532e-16,-1.0,2,1.213866839025828,1.448,1.024,0.9932612936279503
2026-01-21 13:00:00,9.7,71,56,256.0,0.9932612936279503,1.024,-0.2588190451025208,-0.9659258262890683,2,1.012348621708151,1.084,1.208,1.0468397233276867
2026-01-21 14:00:00,10.0,73,75,302.0,1.0468397233276867,1.208,-0.4999999999999997,-0.8660254037844388,2,1.066826958287626,0.96,0.796,0.9402035158499924
2026-01-21 15:00:00,9.2,73,76,199.0,0.9402035158499924,0.796,-0.7071067811865471,-0.7071067811865479,2,1.1021818544895698,0.776,0.42,1.33093813650497
2026-01-21 16:00:00,8.8,76,36,105.0,1.33093813650497,0.42,-0.8660254037844385,-0.5000000000000004,2,1.2745389495901616,0.448,0.12,1.6848790963563602
2026-01-21 17:00:00,6.8,89,57,30.0,1.6848790963563602,0.12,-0.9659258262890683,-0.25881904510252063,2,1.3355574237835102,0.048,0.0,2.076150740688882
2026-01-21 18:00:00,6.5,91,49,0.0,2.076150740688882,0.0,-1.0,-1.8369701987210297e-16,2,2.2292114772919276,0.0,0.0,2.9215895388431625
2026-01-21 19:00:00,5.9,97,45,0.0,2.9215895388431625,0.0,-0.9659258262890684,0.2588190451025203,2,2.54766667677799,0.0,0.0,3.0106242257679776
2026-01-21 20:00:00,5.4,95,66,0.0,3.0106242257679776,0.0,-0.8660254037844386,0.5000000000000001,2,2.901908051221012,0.0,0.0,2.9291046278284907
2026-01-21 21:00:00,5.6,91,100,0.0,2.9291046278284907,0.0,-0.7071067811865477,0.7071067811865474,2,2.7901929502497036,0.0,0.0,2.3169655888267298
2026-01-21 22:00:00,6.5,89,100,0.0,2.3169655888267298,0.0,-0.5000000000000004,0.8660254037844384,2,2.2402017291355447,0.0,0.0,1.631396531629517
2026-01-21 23:00:00,6.7,88,100,0.0,1.631396531629517,0.0,-0.25881904510252157,0.9659258262890681,2,1.647359805460173,0.0,0.0,0.9120349611944242
2026-01-22 00:00:00,6.6,88,98,0.0,0.9120349611944242,0.0,0.0,1.0,3,1.2050395585370688,0.0,0.0,1.1213830537100116
2026-01-22 01:00:00,5.1,92,99,0.0,1.1213830537100116,0.0,0.25881904510252074,0.9659258262890683,3,0.96567937730819,0.0,0.0,0.9584266855224817
2026-01-22 02:00:00,4.2,93,91,0.0,0.9584266855224817,0.0,0.49999999999999994,0.8660254037844387,3,1.113424135415357,0.0,0.0,1.005906499516246
2026-01-22 03:00:00,4.2,93,96,0.0,1.005906499516246,0.0,0.7071067811865476,0.7071067811865476,3,0.9500680036580764,0.0,0.0,1.089539950909951
2026-01-22 04:00:00,5.4,93,100,0.0,1.089539950909951,0.0,0.8660254037844386,0.5000000000000001,3,0.9121767732689993,0.0,0.0,0.9322171181136996
2026-01-22 05:00:00,5.8,92,100,0.0,0.9322171181136996,0.0,0.9659258262890683,0.25881904510252074,3,1.2263712972458274,0.0,0.0,1.0643584659010028
2026-01-22 06:00:00,5.5,91,98,0.0,1.0643584659010028,0.0,1.0,6.123233995736766e-17,3,0.9140456131992025,0.0,0.004,1.0839573366518154
2026-01-22 07:00:00,5.1,94,100,1.0,1.0839573366518154,0.004,0.9659258262890683,-0.25881904510252063,3,1.2477226270645054,0.004,0.064,1.0213127706393752
2026-01-22 08:00:00,5.4,93,100,16.0,1.0213127706393752,0.064,0.8660254037844387,-0.4999999999999998,3,0.9195125842121499,0.136,0.32,1.1330148372963667
2026-01-22 09:00:00,5.3,92,100,80.0,1.1330148372963667,0.32,0.7071067811865476,-0.7071067811865475,3,0.8576585050560108,0.192,0.848,1.0653829737618792
2026-01-22 10:00:00,7.1,80,100,212.0,1.0653829737618792,0.848,0.49999999999999994,-0.8660254037844387,3,0.936275804258879,0.24,0.836,1.084207846813962
2026-01-22 11:00:00,8.0,74,100,209.0,1.084207846813962,0.836,0.258819045102521,-0.9659258262890682,3,1.2950830367571566,0.876,1.032,0.9695761682208138
2026-01-22 12:00:00,8.2,74,98,258.0,0.9695761682208138,1.032,1.2246467991473532e-16,-1.0,3,0.9717549791233798,0.724,1.272,0.9772559204710984
2026-01-22 13:00:00,9.6,65,57,318.0,0.9772559204710984,1.272,-0.2588190451025208,-0.9659258262890683,3,0.9932612936279503,1.024,1.636,1.0145117020043564
2026-01-22 14:00:00,9.8,67,95,409.0,1.0145117020043564,1.636,-0.4999999999999997,-0.8660254037844388,3,1.0468397233276867,1.208,0.52,1.0307788822188044
2026-01-22 15:00:00,7.7,74,83,130.0,1.0307788822188044,0.52,-0.7071067811865471,-0.7071067811865479,3,0.9402035158499924,0.796,0.44,1.1156573650001975
2026-01-22 16:00:00,7.5,76,100,110.0,1.1156573650001975,0.44,-0.8660254037844385,-0.5000000000000004,3,1.33093813650497,0.42,0.084,1.6127302675809363
2026-01-22 17:00:00,6.7,76,18,21.0,1.6127302675809363,0.084,-0.9659258262890683,-0.25881904510252063,3,1.6848790963563602,0.12,0.0,2.3423714144162973
2026-01-22 18:00:00,5.5,74,6,0.0,2.3423714144162973,0.0,-1.0,-1.8369701987210297e-16,3,2.076150740688882,0.0,0.0,2.711095922101913
2026-01-22 19:00:00,5.2,72,5,0.0,2.711095922101913,0.0,-0.9659258262890684,0.2588190451025203,3,2.9215895388431625,0.0,0.0,3.066082439963979
2026-01-22 20:00:00,5.0,72,33,0.0,3.066082439963979,0.0,-0.8660254037844386,0.5000000000000001,3,3.0106242257679776,0.0,0.0,2.7083804259800033
2026-01-22 21:00:00,4.8,73,21,0.0,2.7083804259800033,0.0,-0.7071067811865477,0.7071067811865474,3,2.9291046278284907,0.0,0.0,2.2711254334748574
2026-01-22 22:00:00,4.4,76,16,0.0,2.2711254334748574,0.0,-0.5000000000000004,0.8660254037844384,3,2.3169655888267298,0.0,0.0,1.612565457261573
2026-01-22 23:00:00,4.4,77,48,0.0,1.612565457261573,0.0,-0.25881904510252157,0.9659258262890681,3,1.631396531629517,0.0,0.0,0.9681921264498659
2026-01-23 00:00:00,4.6,78,16,0.0,0.9681921264498659,0.0,0.0,1.0,4,0.9120349611944242,0.0,0.0,0.9209675580722769
2026-01-23 01:00:00,4.5,78,2,0.0,0.9209675580722769,0.0,0.25881904510252074,0.9659258262890683,4,1.1213830537100116,0.0,0.0,0.9969301152470071
2026-01-23 02:00:00,4.1,80,4,0.0,0.9969301152470071,0.0,0.49999999999999994,0.8660254037844387,4,0.9584266855224817,0.0,0.0,0.9413744521484351
2026-01-23 03:00:00,3.7,83,1,0.0,0.9413744521484351,0.0,0.7071067811865476,0.7071067811865476,4,1.005906499516246,0.0,0.0,1.0063004464049297
2026-01-23 04:00:00,2.8,86,45,0.0,1.0063004464049297,0.0,0.8660254037844386,0.5000000000000001,4,1.089539950909951,0.0,0.0,0.8845262117986981
2026-01-23 05:00:00,1.9,87,41,0.0,0.8845262117986981,0.0,0.9659258262890683,0.25881904510252074,4,0.9322171181136996,0.0,0.0,0.9339402386380417
2026-01-23 06:00:00,1.9,87,3,0.0,0.9339402386380417,0.0,1.0,6.123233995736766e-17,4,1.0643584659010028,0.0,0.012,0.9749569955967013
2026-01-23 07:00:00,1.6,88,7,3.0,0.9749569955967013,0.012,0.9659258262890683,-0.25881904510252063,4,1.0839573366518154,0.004,0.4,1.061939466401779
2026-01-23 08:00:00,4.7,78,29,100.0,1.061939466401779,0.4,0.8660254037844387,-0.4999999999999998,4,1.0213127706393752,0.064,1.024,1.0059984325221343
2026-01-23 09:00:00,7.5,71,45,256.0,1.0059984325221343,1.024,0.7071067811865476,-0.7071067811865475,4,1.1330148372963667,0.32,1.66,0.8088522026672256
2026-01-23 10:00:00,9.8,63,91,415.0,0.8088522026672256,1.66,0.49999999999999994,-0.8660254037844387,4,1.0653829737618792,0.848,1.82,0.8106344497305337
2026-01-23 11:00:00,10.6,64,91,455.0,0.8106344497305337,1.82,0.258819045102521,-0.9659258262890682,4,1.084207846813962,0.836,1.5,1.024093944495433
2026-01-23 12:00:00,10.9,65,53,375.0,1.024093944495433,1.5,1.2246467991473532e-16,-1.0,4,0.9695761682208138,1.032,1.796,0.8052103329525547
2026-01-23 13:00:00,10.0,69,58,449.0,0.8052103329525547,1.796,-0.2588190451025208,-0.9659258262890683,4,0.9772559204710984,1.272,1.584,0.9228573367796273
2026-01-23 14:00:00,10.3,75,88,396.0,0.9228573367796273,1.584,-0.4999999999999997,-0.8660254037844388,4,1.0145117020043564,1.636,0.864,1.0762221913602248
2026-01-23 15:00:00,10.4,69,100,216.0,1.0762221913602248,0.864,-0.7071067811865471,-0.7071067811865479,4,1.0307788822188044,0.52,0.448,1.4099062483874336
2026-01-23 16:00:00,9.6,73,100,112.0,1.4099062483874336,0.448,-0.8660254037844385,-0.5000000000000004,4,1.1156573650001975,0.44,0.044,1.420495653884549
2026-01-23 17:00:00,8.9,77,100,11.0,1.420495653884549,0.044,-0.9659258262890683,-0.25881904510252063,4,1.6127302675809363,0.084,0.0,2.325599530347117
2026-01-23 18:00:00,8.0,84,100,0.0,2.325599530347117,0.0,-1.0,-1.8369701987210297e-16,4,2.3423714144162973,0.0,0.0,2.877933051897127
2026-01-23 19:00:00,8.4,83,100,0.0,2.877933051897127,0.0,-0.9659258262890684,0.2588190451025203,4,2.711095922101913,0.0,0.0,2.8372958153011725
2026-01-23 20:00:00,7.6,91,100,0.0,2.8372958153011725,0.0,-0.8660254037844386,0.5000000000000001,4,3.066082439963979,0.0,0.0,2.776664967145053
2026-01-23 21:00:00,7.4,91,100,0.0,2.776664967145053,0.0,-0.7071067811865477,0.7071067811865474,4,2.7083804259800033,0.0,0.0,2.260142946543615
2026-01-23 22:00:00,7.4,88,78,0.0,2.260142946543615,0.0,-0.5000000000000004,0.8660254037844384,4,2.2711254334748574,0.0,0.0,1.799108134601265
2026-01-23 23:00:00,7.2,88,94,0.0,1.799108134601265,0.0,-0.25881904510252157,0.9659258262890681,4,1.612565457261573,0.0,0.0,0.9121922939111575
2026-01-24 00:00:00,7.6,84,98,0.0,0.9121922939111575,0.0,0.0,1.0,5,0.9681921264498659,0.0,0.0,1.0362780171771422
2026-01-24 01:00:00,8.2,78,98,0.0,1.0362780171771422,0.0,0.25881904510252074,0.9659258262890683,5,0.9209675580722769,0.0,0.0,0.9972048854773182
2026-01-24 02:00:00,7.7,79,100,0.0,0.9972048854773182,0.0,0.49999999999999994,0.8660254037844387,5,0.9969301152470071,0.0,0.0,0.9046460772296573
2026-01-24 03:00:00,7.6,79,100,0.0,0.9046460772296573,0.0,0.7071067811865476,0.7071067811865476,5,0.9413744521484351,0.0,0.0,1.0470549471119834
2026-01-24 04:00:00,7.2,79,100,0.0,1.0470549471119834,0.0,0.8660254037844386,0.5000000000000001,5,1.0063004464049297,0.0,0.0,0.9495661577866192
2026-01-24 05:00:00,6.8,82,100,0.0,0.9495661577866192,0.0,0.9659258262890683,0.25881904510252074,5,0.8845262117986981,0.0,0.0,1.028272359137764
2026-01-24 06:00:00,6.9,88,77,0.0,1.028272359137764,0.0,1.0,6.123233995736766e-17,5,0.9339402386380417,0.0,0.008,0.9633997006821463
2026-01-24 07:00:00,6.9,87,73,2.0,0.9633997006821463,0.008,0.9659258262890683,-0.25881904510252063,5,0.9749569955967013,0.012,0.364,0.9580567533076935
2026-01-24 08:00:00,8.2,84,48,91.0,0.9580567533076935,0.364,0.8660254037844387,-0.4999999999999998,5,1.061939466401779,0.4,1.02,1.1501341246675159
2026-01-24 09:00:00,10.4,71,97,255.0,1.1501341246675159,1.02,0.7071067811865476,-0.7071067811865475,5,1.0059984325221343,1.024,1.448,0.9146634389519337
2026-01-24 10:00:00,11.0,64,98,362.0,0.9146634389519337,1.448,0.49999999999999994,-0.8660254037844387,5,0.8088522026672256,1.66,1.128,1.1015808848911928
2026-01-24 11:00:00,9.0,73,97,282.0,1.1015808848911928,1.128,0.258819045102521,-0.9659258262890682,5,0.8106344497305337,1.82,1.168,0.8819368253036627
2026-01-24 12:00:00,7.4,79,100,292.0,0.8819368253036627,1.168,1.2246467991473532e-16,-1.0,5,1.024093944495433,1.5,0.984,0.8857882864299005
2026-01-24 13:00:00,7.5,79,100,246.0,0.8857882864299005,0.984,-0.2588190451025208,-0.9659258262890683,5,0.8052103329525547,1.796,0.456,1.2405583401246916
2026-01-24 14:00:00,6.4,89,100,114.0,1.2405583401246916,0.456,-0.4999999999999997,-0.8660254037844388,5,0.9228573367796273,1.584,0.316,1.2929353122811609
2026-01-24 15:00:00,6.2,84,100,79.0,1.2929353122811609,0.316,-0.7071067811865471,-0.7071067811865479,5,1.0762221913602248,0.864,0.132,1.3378132227733914
2026-01-24 16:00:00,5.8,92,100,33.0,1.3378132227733914,0.132,-0.8660254037844385,-0.5000000000000004,5,1.4099062483874336,0.448,0.024,1.8097012773710899
2026-01-24 17:00:00,5.4,92,100,6.0,1.8097012773710899,0.024,-0.9659258262890683,-0.25881904510252063,5,1.420495653884549,0.044,0.0,2.1427283702587
2026-01-24 18:00:00,4.7,93,100,0.0,2.1427283702587,0.0,-1.0,-1.8369701987210297e-16,5,2.325599530347117,0.0,0.0,2.7289001104203696
2026-01-24 19:00:00,4.3,92,100,0.0,2.7289001104203696,0.0,-0.9659258262890684,0.2588190451025203,5,2.877933051897127,0.0,0.0,2.8681469174287724
2026-01-24 20:00:00,3.4,93,3,0.0,2.8681469174287724,0.0,-0.8660254037844386,0.5000000000000001,5,2.8372958153011725,0.0,0.0,2.8639847925635826
2026-01-24 21:00:00,1.9,94,0,0.0,2.8639847925635826,0.0,-0.7071067811865477,0.7071067811865474,5,2.776664967145053,0.0,0.0,2.146568363543556
2026-01-24 22:00:00,1.3,94,2,0.0,2.146568363543556,0.0,-0.5000000000000004,0.8660254037844384,5,2.260142946543615,0.0,0.0,1.7325281234589012
2026-01-24 23:00:00,0.9,93,12,0.0,1.7325281234589012,0.0,-0.25881904510252157,0.9659258262890681,5,1.799108134601265,0.0,0.0,0.8977350958922448
2026-01-25 00:00:00,2.3,89,44,0.0,0.8977350958922448,0.0,0.0,1.0,6,0.9121922939111575,0.0,0.0,0.7814267188148394
2026-01-25 01:00:00,1.9,90,48,0.0,0.7814267188148394,0.0,0.25881904510252074,0.9659258262890683,6,1.0362780171771422,0.0,0.0,0.9539890940837077
2026-01-25 02:00:00,1.6,91,36,0.0,0.9539890940837077,0.0,0.49999999999999994,0.8660254037844387,6,0.9972048854773182,0.0,0.0,0.9726553356102838
2026-01-25 03:00:00,1.1,89,5,0.0,0.9726553356102838,0.0,0.7071067811865476,0.7071067811865476,6,0.9046460772296573,0.0,0.0,0.956268217652702
2026-01-25 04:00:00,0.3,88,4,0.0,0.956268217652702,0.0,0.8660254037844386,0.5000000000000001,6,1.0470549471119834,0.0,0.0,0.9779965320821209
2026-01-25 05:00:00,-0.0,87,11,0.0,0.9779965320821209,0.0,0.9659258262890683,0.25881904510252074,6,0.9495661577866192,0.0,0.0,1.220152940365787
2026-01-25 06:00:00,0.8,84,38,0.0,1.220152940365787,0.0,1.0,6.123233995736766e-17,6,1.028272359137764,0.0,0.012,0.787553194174911
2026-01-25 07:00:00,1.1,82,80,3.0,0.787553194174911,0.012,0.9659258262890683,-0.25881904510252063,6,0.9633997006821463,0.008,0.384,1.134368087670568
2026-01-25 08:00:00,3.4,72,50,96.0,1.134368087670568,0.384,0.8660254037844387,-0.4999999999999998,6,0.9580567533076935,0.364,1.104,0.989729383413599
2026-01-25 09:00:00,5.3,63,72,276.0,0.989729383413599,1.104,0.7071067811865476,-0.7071067811865475,6,1.1501341246675159,1.02,1.516,1.0515649589182665
2026-01-25 10:00:00,6.2,60,66,379.0,1.0515649589182665,1.516,0.49999999999999994,-0.8660254037844387,6,0.9146634389519337,1.448,2.032,0.9605463092254916
2026-01-25 11:00:00,6.7,61,100,508.0,0.9605463092254916,2.032,0.258819045102521,-0.9659258262890682,6,1.1015808848911928,1.128,1.236,0.9499668061944266
2026-01-25 12:00:00,5.0,69,97,309.0,0.9499668061944266,1.236,1.2246467991473532e-16,-1.0,6,0.8819368253036627,1.168,1.196,0.8255267911465787
2026-01-25 13:00:00,6.2,67,34,299.0,0.8255267911465787,1.196,-0.2588190451025208,-0.9659258262890683,6,0.8857882864299005,0.984,1.924,0.910153569996367
2026-01-25 14:00:00,8.5,56,50,481.0,0.910153569996367,1.924,-0.4999999999999997,-0.8660254037844388,6,1.2405583401246916,0.456,1.284,1.0697916729105974
2026-01-25 15:00:00,8.8,51,26,321.0,1.0697916729105974,1.284,-0.7071067811865471,-0.7071067811865479,6,1.2929353122811609,0.316,0.78,1.0808208056459272
2026-01-25 16:00:00,8.8,46,23,195.0,1.0808208056459272,0.78,-0.8660254037844385,-0.5000000000000004,6,1.3378132227733914,0.132,0.172,1.6325866397685767
2026-01-25 17:00:00,5.9,62,17,43.0,1.6325866397685767,0.172,-0.9659258262890683,-0.25881904510252063,6,1.8097012773710899,0.024,0.0,2.3235775641121683
2026-01-25 18:00:00,4.3,79,95,0.0,2.3235775641121683,0.0,-1.0,-1.8369701987210297e-16,6,2.1427283702587,0.0,0.0,2.6167340234128065
2026-01-25 19:00:00,4.6,77,99,0.0,2.6167340234128065,0.0,-0.9659258262890684,0.2588190451025203,6,2.7289001104203696,0.0,0.0,3.053370780816964
2026-01-25 20:00:00,5.0,76,98,0.0,3.053370780816964,0.0,-0.8660254037844386,0.5000000000000001,6,2.8681469174287724,0.0,0.0,2.832702681727567
2026-01-25 21:00:00,5.0,80,97,0.0,2.832702681727567,0.0,-0.7071067811865477,0.7071067811865474,6,2.8639847925635826,0.0,0.0,2.058011346851361
2026-01-25 22:00:00,5.7,80,93,0.0,2.058011346851361,0.0,-0.5000000000000004,0.8660254037844384,6,2.146568363543556,0.0,0.0,1.6063275245852475
2026-01-25 23:00:00,5.9,83,100,0.0,1.6063275245852475,0.0,-0.25881904510252157,0.9659258262890681,6,1.7325281234589012,0.0,0.0,1.000416189502742
2026-01-26 00:00:00,6.2,85,100,0.0,1.000416189502742,0.0,0.0,1.0,0,0.8977350958922448,0.0,0.0,0.9282755695421694
2026-01-26 01:00:00,5.1,89,100,0.0,0.9282755695421694,0.0,0.25881904510252074,0.9659258262890683,0,0.7814267188148394,0.0,0.0,1.0183829665694772
2026-01-26 02:00:00,5.8,84,98,0.0,1.0183829665694772,0.0,0.49999999999999994,0.8660254037844387,0,0.9539890940837077,0.0,0.0,0.9488396018363618
2026-01-26 03:00:00,5.6,82,45,0.0,0.9488396018363618,0.0,0.7071067811865476,0.7071067811865476,0,0.9726553356102838,0.0,0.0,0.9893089856461759
2026-01-26 04:00:00,5.2,80,65,0.0,0.9893089856461759,0.0,0.8660254037844386,0.5000000000000001,0,0.956268217652702,0.0,0.0,0.9605080388604305
2026-01-26 05:00:00,5.0,78,49,0.0,0.9605080388604305,0.0,0.9659258262890683,0.25881904510252074,0,0.9779965320821209,0.0,0.0,1.045080225439712
2026-01-26 06:00:00,5.0,79,89,0.0,1.045080225439712,0.0,1.0,6.123233995736766e-17,0,1.220152940365787,0.0,0.008,1.0132816803414766
2026-01-26 07:00:00,5.3,85,100,2.0,1.0132816803414766,0.008,0.9659258262890683,-0.25881904510252063,0,0.787553194174911,0.012,0.308,1.0837883721527295
2026-01-26 08:00:00,6.2,76,100,77.0,1.0837883721527295,0.308,0.8660254037844387,-0.4999999999999998,0,1.134368087670568,0.384,0.68,0.9560560974483358
2026-01-26 09:00:00,7.5,72,100,170.0,0.9560560974483358,0.68,0.7071067811865476,-0.7071067811865475,0,0.989729383413599,1.104,1.232,1.0089164869962133
2026-01-26 10:00:00,9.2,59,100,308.0,1.0089164869962133,1.232,0.49999999999999994,-0.8660254037844387,0,1.0515649589182665,1.516,0.652,1.004329063898197
2026-01-26 11:00:00,8.5,66,100,163.0,1.004329063898197,0.652,0.258819045102521,-0.9659258262890682,0,0.9605463092254916,2.032,1.12,0.9001780731115087
2026-01-26 12:00:00,7.5,75,100,280.0,0.9001780731115087,1.12,1.2246467991473532e-16,-1.0,0,0.9499668061944266,1.236,0.672,0.8008119461899016
2026-01-26 13:00:00,7.7,80,100,168.0,0.8008119461899016,0.672,-0.2588190451025208,-0.9659258262890683,0,0.8255267911465787,1.196,1.108,0.9376550752709094
2026-01-26 14:00:00,9.1,67,100,277.0,0.9376550752709094,1.108,-0.4999999999999997,-0.8660254037844388,0,0.910153569996367,1.924,0.452,1.2919478935106725
2026-01-26 15:00:00,8.8,72,100,113.0,1.2919478935106725,0.452,-0.7071067811865471,-0.7071067811865479,0,1.0697916729105974,1.284,0.368,1.312816786048476
2026-01-26 16:00:00,8.5,75,95,92.0,1.312816786048476,0.368,-0.8660254037844385,-0.5000000000000004,0,1.0808208056459272,0.78,0.088,1.5773622717833276
2026-01-26 17:00:00,8.1,79,100,22.0,1.5773622717833276,0.088,-0.9659258262890683,-0.25881904510252063,0,1.6325866397685767,0.172,0.0,2.411732187799774
2026-01-26 18:00:00,7.5,91,100,0.0,2.411732187799774,0.0,-1.0,-1.8369701987210297e-16,0,2.3235775641121683,0.0,0.0,2.75779887002617
2026-01-26 19:00:00,7.3,91,100,0.0,2.75779887002617,0.0,-0.9659258262890684,0.2588190451025203,0,2.6167340234128065,0.0,0.0,2.9563149541968077
2026-01-26 20:00:00,7.4,90,100,0.0,2.9563149541968077,0.0,-0.8660254037844386,0.5000000000000001,0,3.053370780816964,0.0,0.0,2.9108857129005026
2026-01-26 21:00:00,7.4,89,100,0.0,2.9108857129005026,0.0,-0.7071067811865477,0.7071067811865474,0,2.832702681727567,0.0,0.0,2.3154084287061725
2026-01-26 22:00:00,7.3,93,100,0.0,2.3154084287061725,0.0,-0.5000000000000004,0.8660254037844384,0,2.058011346851361,0.0,0.0,1.736919271225855
2026-01-26 23:00:00,7.2,93,100,0.0,1.736919271225855,0.0,-0.25881904510252157,0.9659258262890681,0,1.6063275245852475,0.0,0.0,0.9317992592874246
2026-01-27 00:00:00,7.4,90,67,0.0,0.9317992592874246,0.0,0.0,1.0,1,1.000416189502742,0.0,0.0,0.9746708083736833
2026-01-27 01:00:00,7.1,91,77,0.0,0.9746708083736833,0.0,0.25881904510252074,0.9659258262890683,1,0.9282755695421694,0.0,0.0,0.9255499624293485
2026-01-27 02:00:00,7.3,91,15,0.0,0.9255499624293485,0.0,0.49999999999999994,0.8660254037844387,1,1.0183829665694772,0.0,0.0,0.835358138178426
2026-01-27 03:00:00,6.2,94,26,0.0,0.835358138178426,0.0,0.7071067811865476,0.7071067811865476,1,0.9488396018363618,0.0,0.0,0.9296221658916268
2026-01-27 04:00:00,5.9,94,60,0.0,0.9296221658916268,0.0,0.8660254037844386,0.5000000000000001,1,0.9893089856461759,0.0,0.0,0.9647291916862346
2026-01-27 05:00:00,5.8,95,100,0.0,0.9647291916862346,0.0,0.9659258262890683,0.25881904510252074,1,0.9605080388604305,0.0,0.0,1.0668447754887287
2026-01-27 06:00:00,7.3,94,100,0.0,1.0668447754887287,0.0,1.0,6.123233995736766e-17,1,1.045080225439712,0.0,0.008,1.1789984974662904
2026-01-27 07:00:00,7.8,94,42,2.0,1.1789984974662904,0.008,0.9659258262890683,-0.25881904510252063,1,1.0132816803414766,0.008,0.36,0.9341909410195052
2026-01-27 08:00:00,8.6,92,6,90.0,0.9341909410195052,0.36,0.8660254037844387,-0.4999999999999998,1,1.0837883721527295,0.308,1.036,1.010360294637419
2026-01-27 09:00:00,10.8,84,40,259.0,1.010360294637419,1.036,0.7071067811865476,-0.7071067811865475,1,0.9560560974483358,0.68,1.508,0.948717711806458
2026-01-27 10:00:00,12.5,72,63,377.0,0.948717711806458,1.508,0.49999999999999994,-0.8660254037844387,1,1.0089164869962133,1.232,1.616,0.875042331115562
2026-01-27 11:00:00,12.9,70,77,404.0,0.875042331115562,1.616,0.258819045102521,-0.9659258262890682,1,1.004329063898197,0.652,1.828,0.8720061866112062
2026-01-27 12:00:00,14.3,62,96,457.0,0.8720061866112062,1.828,1.2246467991473532e-16,-1.0,1,0.9001780731115087,1.12,2.284,0.985139521880532
2026-01-27 13:00:00,15.3,58,99,571.0,0.985139521880532,2.284,-0.2588190451025208,-0.9659258262890683,1,0.8008119461899016,0.672,1.676,1.096882511560138
2026-01-27 14:00:00,14.9,59,96,419.0,1.096882511560138,1.676,-0.4999999999999997,-0.8660254037844388,1,0.9376550752709094,1.108,1.148,1.1151322562313764
2026-01-27 15:00:00,14.1,61,38,287.0,1.1151322562313764,1.148,-0.7071067811865471,-0.7071067811865479,1,1.2919478935106725,0.452,0.82,1.2198475372661037
2026-01-27 16:00:00,13.2,64,86,205.0,1.2198475372661037,0.82,-0.8660254037844385,-0.5000000000000004,1,1.312816786048476,0.368,0.164,1.6261109165991767
2026-01-27 17:00:00,11.8,64,84,41.0,1.6261109165991767,0.164,-0.9659258262890683,-0.25881904510252063,1,1.5773622717833276,0.088,0.0,2.0787874523555416
2026-01-27 18:00:00,11.6,67,87,0.0,2.0787874523555416,0.0,-1.0,-1.8369701987210297e-16,1,2.411732187799774,0.0,0.0,2.6934346970395935
2026-01-27 19:00:00,11.9,66,94,0.0,2.6934346970395935,0.0,-0.9659258262890684,0.2588190451025203,1,2.75779887002617,0.0,0.0,2.982349079843066
2026-01-27 20:00:00,12.0,64,67,0.0,2.982349079843066,0.0,-0.8660254037844386,0.5000000000000001,1,2.9563149541968077,0.0,0.0,3.039061501196675
2026-01-27 21:00:00,11.6,62,99,0.0,3.039061501196675,0.0,-0.7071067811865477,0.7071067811865474,1,2.9108857129005026,0.0,0.0,2.0955692482384167
2026-01-27 22:00:00,11.6,60,100,0.0,2.0955692482384167,0.0,-0.5000000000000004,0.8660254037844384,1,2.3154084287061725,0.0,0.0,1.5423152560601379
2026-01-27 23:00:00,11.6,62,98,0.0,1.5423152560601379,0.0,-0.25881904510252157,0.9659258262890681,1,1.736919271225855,0.0,0.0,0.9083629478728443
2026-01-28 00:00:00,11.0,63,87,0.0,0.9083629478728443,0.0,0.0,1.0,2,0.9317992592874246,0.0,0.0,1.0161362212751879
2026-01-28 01:00:00,11.2,63,16,0.0,1.0161362212751879,0.0,0.25881904510252074,0.9659258262890683,2,0.9746708083736833,0.0,0.0,0.8543356837263316
2026-01-28 02:00:00,10.4,66,100,0.0,0.8543356837263316,0.0,0.49999999999999994,0.8660254037844387,2,0.9255499624293485,0.0,0.0,0.8701677257381069
2026-01-28 03:00:00,10.2,76,100,0.0,0.8701677257381069,0.0,0.7071067811865476,0.7071067811865476,2,0.835358138178426,0.0,0.0,1.193822207115055
2026-01-28 04:00:00,9.3,78,76,0.0,1.193822207115055,0.0,0.8660254037844386,0.5000000000000001,2,0.9296221658916268,0.0,0.0,0.8224810949446217
2026-01-28 05:00:00,9.2,66,56,0.0,0.8224810949446217,0.0,0.9659258262890683,0.25881904510252074,2,0.9647291916862346,0.0,0.0,0.8501950461706593
2026-01-28 06:00:00,8.7,67,30,0.0,0.8501950461706593,0.0,1.0,6.123233995736766e-17,2,1.0668447754887287,0.0,0.016,0.9719970457054982
2026-01-28 07:00:00,8.3,66,51,4.0,0.9719970457054982,0.016,0.9659258262890683,-0.25881904510252063,2,1.1789984974662904,0.008,0.452,0.8493824651443667
2026-01-28 08:00:00,9.9,59,98,113.0,0.8493824651443667,0.452,0.8660254037844387,-0.4999999999999998,2,0.9341909410195052,0.36,1.06,0.9853770684355433
2026-01-28 09:00:00,10.7,63,100,265.0,0.9853770684355433,1.06,0.7071067811865476,-0.7071067811865475,2,1.010360294637419,1.036,1.064,1.2433400672553274
2026-01-28 10:00:00,10.6,66,100,266.0,1.2433400672553274,1.064,0.49999999999999994,-0.8660254037844387,2,0.948717711806458,1.508,0.548,0.7946118723465708
2026-01-28 11:00:00,10.0,73,100,137.0,0.7946118723465708,0.548,0.258819045102521,-0.9659258262890682,2,0.875042331115562,1.616,0.864,0.9269242845637734
2026-01-28 12:00:00,9.5,80,100,216.0,0.9269242845637734,0.864,1.2246467991473532e-16,-1.0,2,0.8720061866112062,1.828,0.76,1.0307991436362531
2026-01-28 13:00:00,9.3,89,100,190.0,1.0307991436362531,0.76,-0.2588190451025208,-0.9659258262890683,2,0.985139521880532,2.284,0.572,1.072553092943429
2026-01-28 14:00:00,10.2,81,100,143.0,1.072553092943429,0.572,-0.4999999999999997,-0.8660254037844388,2,1.096882511560138,1.676,0.576,0.9775535959007183
2026-01-28 15:00:00,10.8,76,100,144.0,0.9775535959007183,0.576,-0.7071067811865471,-0.7071067811865479,2,1.1151322562313764,1.148,0.304,1.1326493940128568
2026-01-28 16:00:00,10.4,79,100,76.0,1.1326493940128568,0.304,-0.8660254037844385,-0.5000000000000004,2,1.2198475372661037,0.82,0.072,1.721502603972614
2026-01-28 17:00:00,9.3,90,100,18.0,1.721502603972614,0.072,-0.9659258262890683,-0.25881904510252063,2,1.6261109165991767,0.164,0.0,2.292795247565524
2026-01-28 18:00:00,10.3,81,100,0.0,2.292795247565524,0.0,-1.0,-1.8369701987210297e-16,2,2.0787874523555416,0.0,0.0,2.7268461069863084
2026-01-28 19:00:00,10.7,77,98,0.0,2.7268461069863084,0.0,-0.9659258262890684,0.2588190451025203,2,2.6934346970395935,0.0,0.0,3.106614861736188
2026-01-28 20:00:00,10.5,78,45,0.0,3.106614861736188,0.0,-0.8660254037844386,0.5000000000000001,2,2.982349079843066,0.0,0.0,2.867832434325758
2026-01-28 21:00:00,10.1,73,59,0.0,2.867832434325758,0.0,-0.7071067811865477,0.7071067811865474,2,3.039061501196675,0.0,0.0,2.2770138338979664
2026-01-28 22:00:00,9.6,55,66,0.0,2.2770138338979664,0.0,-0.5000000000000004,0.8660254037844384,2,2.0955692482384167,0.0,0.0,1.6734940228882271
2026-01-28 23:00:00,8.9,56,80,0.0,1.6734940228882271,0.0,-0.25881904510252157,0.9659258262890681,2,1.5423152560601379,0.0,0.0,1.0214015534504863
2026-01-29 00:00:00,8.7,65,84,0.0,1.0214015534504863,0.0,0.0,1.0,3,0.9083629478728443,0.0,0.0,1.224718148407938
2026-01-29 01:00:00,8.2,69,66,0.0,1.224718148407938,0.0,0.25881904510252074,0.9659258262890683,3,1.0161362212751879,0.0,0.0,1.0245119962315217
2026-01-29 02:00:00,7.7,72,100,0.0,1.0245119962315217,0.0,0.49999999999999994,0.8660254037844387,3,0.8543356837263316,0.0,0.0,0.9006142951139366
2026-01-29 03:00:00,7.5,72,52,0.0,0.9006142951139366,0.0,0.7071067811865476,0.7071067811865476,3,0.8701677257381069,0.0,0.0,0.9701786826968949
2026-01-29 04:00:00,7.2,73,53,0.0,0.9701786826968949,0.0,0.8660254037844386,0.5000000000000001,3,1.193822207115055,0.0,0.0,1.1123844675356298
2026-01-29 05:00:00,7.0,71,31,0.0,1.1123844675356298,0.0,0.9659258262890683,0.25881904510252074,3,0.8224810949446217,0.0,0.0,1.1347604467141021
2026-01-29 06:00:00,6.8,68,30,0.0,1.1347604467141021,0.0,1.0,6.123233995736766e-17,3,0.8501950461706593,0.0,0.016,0.949353797092459
2026-01-29 07:00:00,6.8,60,41,4.0,0.949353797092459,0.016,0.9659258262890683,-0.25881904510252063,3,0.9719970457054982,0.016,0.452,0.9762046170074817
2026-01-29 08:00:00,9.7,49,99,113.0,0.9762046170074817,0.452,0.8660254037844387,-0.4999999999999998,3,0.8493824651443667,0.452,0.472,0.9291037587410432
2026-01-29 09:00:00,11.7,47,93,118.0,0.9291037587410432,0.472,0.7071067811865476,-0.7071067811865475,3,0.9853770684355433,1.06,1.216,1.0027960510501754
2026-01-29 10:00:00,12.8,56,98,304.0,1.0027960510501754,1.216,0.49999999999999994,-0.8660254037844387,3,1.2433400672553274,1.064,1.284,0.8755833292815873
2026-01-29 11:00:00,14.0,61,100,321.0,0.8755833292815873,1.284,0.258819045102521,-0.9659258262890682,3,0.7946118723465708,0.548,1.812,1.0644731198234203
2026-01-29 12:00:00,14.9,68,100,453.0,1.0644731198234203,1.812,1.2246467991473532e-16,-1.0,3,0.9269242845637734,0.864,1.732,0.7060695005506714
2026-01-29 13:00:00,15.1,68,100,433.0,0.7060695005506714,1.732,-0.2588190451025208,-0.9659258262890683,3,1.0307991436362531,0.76,1.456,1.0412210581504557
2026-01-29 14:00:00,15.2,69,100,364.0,1.0412210581504557,1.456,-0.4999999999999997,-0.8660254037844388,3,1.072553092943429,0.572,1.124,1.0652125767342937
2026-01-29 15:00:00,15.1,70,95,281.0,1.0652125767342937,1.124,-0.7071067811865471,-0.7071067811865479,3,0.9775535959007183,0.576,0.724,1.3580380597044608
2026-01-29 16:00:00,14.3,76,79,181.0,1.3580380597044608,0.724,-0.8660254037844385,-0.5000000000000004,3,1.1326493940128568,0.304,0.148,1.6488963207723037
2026-01-29 17:00:00,13.1,83,91,37.0,1.6488963207723037,0.148,-0.9659258262890683,-0.25881904510252063,3,1.721502603972614,0.072,0.0,2.2687003851704515
2026-01-29 18:00:00,13.2,82,98,0.0,2.2687003851704515,0.0,-1.0,-1.8369701987210297e-16,3,2.292795247565524,0.0,0.0,2.6895586526271997
2026-01-29 19:00:00,12.8,83,100,0.0,2.6895586526271997,0.0,-0.9659258262890684,0.2588190451025203,3,2.7268461069863084,0.0,0.0,2.886424421249369
2026-01-29 20:00:00,13.2,81,97,0.0,2.886424421249369,0.0,-0.8660254037844386,0.5000000000000001,3,3.106614861736188,0.0,0.0,2.594415226874241
2026-01-29 21:00:00,13.2,82,100,0.0,2.594415226874241,0.0,-0.7071067811865477,0.7071067811865474,3,2.867832434325758,0.0,0.0,2.1457062400920135
2026-01-29 22:00:00,13.5,79,100,0.0,2.1457062400920135,0.0,-0.5000000000000004,0.8660254037844384,3,2.2770138338979664,0.0,0.0,1.429147230654226
2026-01-29 23:00:00,13.5,77,100,0.0,1.429147230654226,0.0,-0.25881904510252157,0.9659258262890681,3,1.6734940228882271,0.0,0.0,1.0540560072808074
2026-01-30 00:00:00,13.0,79,94,0.0,1.0540560072808074,0.0,0.0,1.0,4,1.0214015534504863,0.0,0.0,0.8613795509420838
2026-01-30 01:00:00,12.9,78,84,0.0,0.8613795509420838,0.0,0.25881904510252074,0.9659258262890683,4,1.224718148407938,0.0,0.0,1.0243827206224647
2026-01-30 02:00:00,12.7,78,99,0.0,1.0243827206224647,0.0,0.49999999999999994,0.8660254037844387,4,1.0245119962315217,0.0,0.0,1.0608877403381498
2026-01-30 03:00:00,13.2,77,100,0.0,1.0608877403381498,0.0,0.7071067811865476,0.7071067811865476,4,0.9006142951139366,0.0,0.0,1.006811360936562
2026-01-30 04:00:00,12.2,86,100,0.0,1.006811360936562,0.0,0.8660254037844386,0.5000000000000001,4,0.9701786826968949,0.0,0.0,1.089064512555937
2026-01-30 05:00:00,11.7,88,100,0.0,1.089064512555937,0.0,0.9659258262890683,0.25881904510252074,4,1.1123844675356298,0.0,0.0,1.2285642930972087
2026-01-30 06:00:00,11.6,83,100,0.0,1.2285642930972087,0.0,1.0,6.123233995736766e-17,4,1.1347604467141021,0.0,0.004,1.1736026965890405
2026-01-30 07:00:00,11.3,75,16,1.0,1.1736026965890405,0.004,0.9659258262890683,-0.25881904510252063,4,0.949353797092459,0.016,0.464,0.9649858732240754
2026-01-30 08:00:00,12.1,70,5,116.0,0.9649858732240754,0.464,0.8660254037844387,-0.4999999999999998,4,0.9762046170074817,0.452,1.2,0.8826837485830714
2026-01-30 09:00:00,13.1,59,1,300.0,0.8826837485830714,1.2,0.7071067811865476,-0.7071067811865475,4,0.9291037587410432,0.472,1.86,1.0991116496954472
2026-01-30 10:00:00,14.0,51,0,465.0,1.0991116496954472,1.86,0.49999999999999994,-0.8660254037844387,4,1.0027960510501754,1.216,2.324,0.9721326935469206
2026-01-30 11:00:00,14.9,48,0,581.0,0.9721326935469206,2.324,0.258819045102521,-0.9659258262890682,4,0.8755833292815873,1.284,2.536,0.9825444922151183
2026-01-30 12:00:00,15.4,46,11,634.0,0.9825444922151183,2.536,1.2246467991473532e-16,-1.0,4,1.0644731198234203,1.812,2.452,0.9466770524135568
2026-01-30 13:00:00,16.2,38,0,613.0,0.9466770524135568,2.452,-0.2588190451025208,-0.9659258262890683,4,0.7060695005506714,1.732,2.172,0.9993355568398815
2026-01-30 14:00:00,16.3,33,11,543.0,0.9993355568398815,2.172,-0.4999999999999997,-0.8660254037844388,4,1.0412210581504557,1.456,1.656,1.1364211936561996
2026-01-30 15:00:00,15.8,33,49,414.0,1.1364211936561996,1.656,-0.7071067811865471,-0.7071067811865479,4,1.0652125767342937,1.124,0.932,1.4229447658268646
2026-01-30 16:00:00,14.8,39,8,233.0,1.4229447658268646,0.932,-0.8660254037844385,-0.5000000000000004,4,1.3580380597044608,0.724,0.228,1.661350394745362
2026-01-30 17:00:00,11.3,57,8,57.0,1.661350394745362,0.228,-0.9659258262890683,-0.25881904510252063,4,1.6488963207723037,0.148,0.0,1.9593216419336548
2026-01-30 18:00:00,11.0,69,79,0.0,1.9593216419336548,0.0,-1.0,-1.8369701987210297e-16,4,2.2687003851704515,0.0,0.0,2.83810134510118
2026-01-30 19:00:00,10.3,74,100,0.0,2.83810134510118,0.0,-0.9659258262890684,0.2588190451025203,4,2.6895586526271997,0.0,0.0,3.0599911550979235
2026-01-30 20:00:00,10.6,71,47,0.0,3.0599911550979235,0.0,-0.8660254037844386,0.5000000000000001,4,2.886424421249369,0.0,0.0,2.807040429134769
2026-01-30 21:00:00,10.6,71,36,0.0,2.807040429134769,0.0,-0.7071067811865477,0.7071067811865474,4,2.594415226874241,0.0,0.0,2.1307821880134203
2026-01-30 22:00:00,10.2,75,59,0.0,2.1307821880134203,0.0,-0.5000000000000004,0.8660254037844384,4,2.1457062400920135,0.0,0.0,1.5766787814913854
2026-01-30 23:00:00,10.5,75,66,0.0,1.5766787814913854,0.0,-0.25881904510252157,0.9659258262890681,4,1.429147230654226,0.0,0.0,0.965110652469686
2026-01-31 00:00:00,10.3,77,73,0.0,0.965110652469686,0.0,0.0,1.0,5,1.0540560072808074,0.0,0.0,1.0010577027065963
2026-01-31 01:00:00,10.9,73,37,0.0,1.0010577027065963,0.0,0.25881904510252074,0.9659258262890683,5,0.8613795509420838,0.0,0.0,0.9541630131842097
2026-01-31 02:00:00,10.5,72,63,0.0,0.9541630131842097,0.0,0.49999999999999994,0.8660254037844387,5,1.0243827206224647,0.0,0.0,1.0811205549193024
2026-01-31 03:00:00,9.8,82,100,0.0,1.0811205549193024,0.0,0.7071067811865476,0.7071067811865476,5,1.0608877403381498,0.0,0.0,0.9721536213533417
2026-01-31 04:00:00,9.9,77,53,0.0,0.9721536213533417,0.0,0.8660254037844386,0.5000000000000001,5,1.006811360936562,0.0,0.0,0.9297991008253346
2026-01-31 05:00:00,9.0,82,98,0.0,0.9297991008253346,0.0,0.9659258262890683,0.25881904510252074,5,1.089064512555937,0.0,0.0,1.1174846277873267
2026-01-31 06:00:00,8.3,83,64,0.0,1.1174846277873267,0.0,1.0,6.123233995736766e-17,5,1.2285642930972087,0.0,0.016,1.287275170280137
2026-01-31 07:00:00,7.5,82,93,4.0,1.287275170280137,0.016,0.9659258262890683,-0.25881904510252063,5,1.1736026965890405,0.004,0.152,0.886605469242893
2026-01-31 08:00:00,7.9,67,12,38.0,0.886605469242893,0.152,0.8660254037844387,-0.4999999999999998,5,0.9649858732240754,0.464,1.188,1.2342771261803913
2026-01-31 09:00:00,8.6,56,16,297.0,1.2342771261803913,1.188,0.7071067811865476,-0.7071067811865475,5,0.8826837485830714,1.2,1.732,1.197909727184947
2026-01-31 10:00:00,9.1,45,47,433.0,1.197909727184947,1.732,0.49999999999999994,-0.8660254037844387,5,1.0991116496954472,1.86,1.824,1.164111418394515
2026-01-31 11:00:00,9.0,47,75,456.0,1.164111418394515,1.824,0.258819045102521,-0.9659258262890682,5,0.9721326935469206,2.324,2.228,0.9735635881499082
2026-01-31 12:00:00,9.7,43,68,557.0,0.9735635881499082,2.228,1.2246467991473532e-16,-1.0,5,0.9825444922151183,2.536,2.16,1.1225150832964108
2026-01-31 13:00:00,8.5,43,84,540.0,1.1225150832964108,2.16,-0.2588190451025208,-0.9659258262890683,5,0.9466770524135568,2.452,1.944,0.7642151842106673
2026-01-31 14:00:00,7.4,54,73,486.0,0.7642151842106673,1.944,-0.4999999999999997,-0.8660254037844388,5,0.9993355568398815,2.172,1.272,1.0786611772249461
2026-01-31 15:00:00,7.3,55,63,318.0,1.0786611772249461,1.272,-0.7071067811865471,-0.7071067811865479,5,1.1364211936561996,1.656,0.724,1.1495281383824687
2026-01-31 16:00:00,6.2,64,88,181.0,1.1495281383824687,0.724,-0.8660254037844385,-0.5000000000000004,5,1.4229447658268646,0.932,0.144,1.755374075145309
2026-01-31 17:00:00,5.7,67,54,36.0,1.755374075145309,0.144,-0.9659258262890683,-0.25881904510252063,5,1.661350394745362,0.228,0.0,2.1718006227750264
2026-01-31 18:00:00,4.9,73,77,0.0,2.1718006227750264,0.0,-1.0,-1.8369701987210297e-16,5,1.9593216419336548,0.0,0.0,2.9720156337361594
2026-01-31 19:00:00,5.1,72,52,0.0,2.9720156337361594,0.0,-0.9659258262890684,0.2588190451025203,5,2.83810134510118,0.0,0.0,3.1393990579505076
2026-01-31 20:00:00,4.7,75,73,0.0,3.1393990579505076,0.0,-0.8660254037844386,0.5000000000000001,5,3.0599911550979235,0.0,0.0,2.664727555088684
2026-01-31 21:00:00,4.7,75,13,0.0,2.664727555088684,0.0,-0.7071067811865477,0.7071067811865474,5,2.807040429134769,0.0,0.0,2.221675668076512
2026-01-31 22:00:00,4.4,74,11,0.0,2.221675668076512,0.0,-0.5000000000000004,0.8660254037844384,5,2.1307821880134203,0.0,0.0,1.6967782527131838
2026-01-31 23:00:00,4.2,75,38,0.0,1.6967782527131838,0.0,-0.25881904510252157,0.9659258262890681,5,1.5766787814913854,0.0,0.0,1.1805987359583214
2026-02-01 00:00:00,4.8,78,48,0.0,1.1805987359583214,0.0,0.0,1.0,6,0.965110652469686,0.0,0.0,0.9900619151477682
2026-02-01 01:00:00,4.5,79,81,0.0,0.9900619151477682,0.0,0.25881904510252074,0.9659258262890683,6,1.0010577027065963,0.0,0.0,0.9139843209821696
2026-02-01 02:00:00,4.8,79,98,0.0,0.9139843209821696,0.0,0.49999999999999994,0.8660254037844387,6,0.9541630131842097,0.0,0.0,0.9760411127502719
2026-02-01 03:00:00,4.9,81,100,0.0,0.9760411127502719,0.0,0.7071067811865476,0.7071067811865476,6,1.0811205549193024,0.0,0.0,1.0941360311273194
2026-02-01 04:00:00,5.0,82,100,0.0,1.0941360311273194,0.0,0.8660254037844386,0.5000000000000001,6,0.9721536213533417,0.0,0.0,0.966618906169825
2026-02-01 05:00:00,5.1,83,73,0.0,0.966618906169825,0.0,0.9659258262890683,0.25881904510252074,6,0.9297991008253346,0.0,0.0,0.9464815528641034
2026-02-01 06:00:00,4.6,88,55,0.0,0.9464815528641034,0.0,1.0,6.123233995736766e-17,6,1.1174846277873267,0.0,0.016,0.9554705336434852
2026-02-01 07:00:00,4.9,87,45,4.0,0.9554705336434852,0.016,0.9659258262890683,-0.25881904510252063,6,1.287275170280137,0.016,0.412,1.0866391082868347
2026-02-01 08:00:00,6.1,80,44,103.0,1.0866391082868347,0.412,0.8660254037844387,-0.4999999999999998,6,0.886605469242893,0.152,1.084,0.953587525215066
2026-02-01 09:00:00,7.5,69,30,271.0,0.953587525215066,1.084,0.7071067811865476,-0.7071067811865475,6,1.2342771261803913,1.188,1.752,0.9402190083746703
2026-02-01 10:00:00,9.4,54,49,438.0,0.9402190083746703,1.752,0.49999999999999994,-0.8660254037844387,6,1.197909727184947,1.732,1.94,1.217212987183213
2026-02-01 11:00:00,10.4,48,59,485.0,1.217212987183213,1.94,0.258819045102521,-0.9659258262890682,6,1.164111418394515,1.824,2.312,1.1319001919690312
2026-02-01 12:00:00,10.8,46,80,578.0,1.1319001919690312,2.312,1.2246467991473532e-16,-1.0,6,0.9735635881499082,2.228,2.208,1.0991926124594875
2026-02-01 13:00:00,11.8,41,98,552.0,1.0991926124594875,2.208,-0.2588190451025208,-0.9659258262890683,6,1.1225150832964108,2.16,1.684,0.9157311107735309
2026-02-01 14:00:00,12.0,37,61,421.0,0.9157311107735309,1.684,-0.4999999999999997,-0.8660254037844388,6,0.7642151842106673,1.944,1.372,0.9833790363080421
2026-02-01 15:00:00,11.8,40,100,343.0,0.9833790363080421,1.372,-0.7071067811865471,-0.7071067811865479,6,1.0786611772249461,1.272,0.74,1.375369305599234
2026-02-01 16:00:00,11.1,42,100,185.0,1.375369305599234,0.74,-0.8660254037844385,-0.5000000000000004,6,1.1495281383824687,0.724,0.184,1.433816514619797
2026-02-01 17:00:00,8.4,53,100,46.0,1.433816514619797,0.184,-0.9659258262890683,-0.25881904510252063,6,1.755374075145309,0.144,0.0,2.24413186204173
2026-02-01 18:00:00,7.6,61,100,0.0,2.24413186204173,0.0,-1.0,-1.8369701987210297e-16,6,2.1718006227750264,0.0,0.0,2.939545930249067
2026-02-01 19:00:00,6.8,71,90,0.0,2.939545930249067,0.0,-0.9659258262890684,0.2588190451025203,6,2.9720156337361594,0.0,0.0,3.058654888114656
2026-02-01 20:00:00,5.9,76,8,0.0,3.058654888114656,0.0,-0.8660254037844386,0.5000000000000001,6,3.1393990579505076,0.0,0.0,2.703477366421348
2026-02-01 21:00:00,4.8,80,0,0.0,2.703477366421348,0.0,-0.7071067811865477,0.7071067811865474,6,2.664727555088684,0.0,0.0,2.11055353847074
2026-02-01 22:00:00,4.1,82,0,0.0,2.11055353847074,0.0,-0.5000000000000004,0.8660254037844384,6,2.221675668076512,0.0,0.0,1.6669527307391865
2026-02-01 23:00:00,3.9,82,0,0.0,1.6669527307391865,0.0,-0.25881904510252157,0.9659258262890681,6,1.6967782527131838,0.0,0.0,1.0669840742729901
2026-02-02 00:00:00,3.8,83,0,0.0,1.0669840742729901,0.0,0.0,1.0,0,1.1805987359583214,0.0,0.0,1.1385019970056935
2026-02-02 01:00:00,4.2,81,0,0.0,1.1385019970056935,0.0,0.25881904510252074,0.9659258262890683,0,0.9900619151477682,0.0,0.0,1.0207319981954306
2026-02-02 02:00:00,4.3,81,0,0.0,1.0207319981954306,0.0,0.49999999999999994,0.8660254037844387,0,0.9139843209821696,0.0,0.0,0.9710547529390839
2026-02-02 03:00:00,4.4,81,0,0.0,0.9710547529390839,0.0,0.7071067811865476,0.7071067811865476,0,0.9760411127502719,0.0,0.0,1.101764514809006
2026-02-02 04:00:00,4.7,80,5,0.0,1.101764514809006,0.0,0.8660254037844386,0.5000000000000001,0,1.0941360311273194,0.0,0.0,1.077707758952015
2026-02-02 05:00:00,5.2,78,0,0.0,1.077707758952015,0.0,0.9659258262890683,0.25881904510252074,0,0.966618906169825,0.0,0.0,1.0609797641222016
2026-02-02 06:00:00,5.5,80,3,0.0,1.0609797641222016,0.0,1.0,6.123233995736766e-17,0,0.9464815528641034,0.0,0.024,0.7162516880566421
2026-02-02 07:00:00,6.4,75,7,6.0,0.7162516880566421,0.024,0.9659258262890683,-0.25881904510252063,0,0.9554705336434852,0.016,0.496,0.833531362739308
2026-02-02 08:00:00,8.6,69,86,124.0,0.833531362739308,0.496,0.8660254037844387,-0.4999999999999998,0,1.0866391082868347,0.412,1.188,1.0081695268523578
2026-02-02 09:00:00,11.4,60,100,297.0,1.0081695268523578,1.188,0.7071067811865476,-0.7071067811865475,0,0.953587525215066,1.084,1.684,0.843728555774785
2026-02-02 10:00:00,12.9,56,100,421.0,0.843728555774785,1.684,0.49999999999999994,-0.8660254037844387,0,0.9402190083746703,1.752,1.552,0.955185937178296
2026-02-02 11:00:00,13.7,56,100,388.0,0.955185937178296,1.552,0.258819045102521,-0.9659258262890682,0,1.217212987183213,1.94,0.752,1.015999487062448
2026-02-02 12:00:00,14.0,57,100,188.0,1.015999487062448,0.752,1.2246467991473532e-16,-1.0,0,1.1319001919690312,2.312,1.844,1.03424968523904
2026-02-02 13:00:00,15.2,51,98,461.0,1.03424968523904,1.844,-0.2588190451025208,-0.9659258262890683,0,1.0991926124594875,2.208,1.7,1.1031647504292854
2026-02-02 14:00:00,15.3,47,3,425.0,1.1031647504292854,1.7,-0.4999999999999997,-0.8660254037844388,0,0.9157311107735309,1.684,1.688,1.3185485629585225
2026-02-02 15:00:00,15.7,43,0,422.0,1.3185485629585225,1.688,-0.7071067811865471,-0.7071067811865479,0,0.9833790363080421,1.372,0.984,1.3342054998238022
2026-02-02 16:00:00,15.1,43,2,246.0,1.3342054998238022,0.984,-0.8660254037844385,-0.5000000000000004,0,1.375369305599234,0.74,0.26,1.7493524203348279
2026-02-02 17:00:00,12.5,44,99,65.0,1.7493524203348279,0.26,-0.9659258262890683,-0.25881904510252063,0,1.433816514619797,0.184,0.0,2.2723275398250937
2026-02-02 18:00:00,10.8,49,87,0.0,2.2723275398250937,0.0,-1.0,-1.8369701987210297e-16,0,2.24413186204173,0.0,0.0,2.65603571913986
2026-02-02 19:00:00,12.9,40,100,0.0,2.65603571913986,0.0,-0.9659258262890684,0.2588190451025203,0,2.939545930249067,0.0,0.0,2.9085013906090076
2026-02-02 20:00:00,12.5,41,100,0.0,2.9085013906090076,0.0,-0.8660254037844386,0.5000000000000001,0,3.058654888114656,0.0,0.0,2.6807726126856863
2026-02-02 21:00:00,11.7,43,98,0.0,2.6807726126856863,0.0,-0.7071067811865477,0.7071067811865474,0,2.703477366421348,0.0,0.0,2.3102067710456615
2026-02-02 22:00:00,10.7,45,100,0.0,2.3102067710456615,0.0,-0.5000000000000004,0.8660254037844384,0,2.11055353847074,0.0,0.0,1.6391662357275423
2026-02-02 23:00:00,9.9,47,100,0.0,1.6391662357275423,0.0,-0.25881904510252157,0.9659258262890681,0,1.6669527307391865,0.0,0.0,0.9961586342051222
2026-02-03 00:00:00,9.5,49,100,0.0,0.9961586342051222,0.0,0.0,1.0,1,1.0669840742729901,0.0,0.0,0.9843047139459119
2026-02-03 01:00:00,9.4,48,100,0.0,0.9843047139459119,0.0,0.25881904510252074,0.9659258262890683,1,1.1385019970056935,0.0,0.0,1.005149743664453
2026-02-03 02:00:00,8.3,50,100,0.0,1.005149743664453,0.0,0.49999999999999994,0.8660254037844387,1,1.0207319981954306,0.0,0.0,1.0638693424240724
2026-02-03 03:00:00,7.7,54,100,0.0,1.0638693424240724,0.0,0.7071067811865476,0.7071067811865476,1,0.9710547529390839,0.0,0.0,1.0283074229969984
2026-02-03 04:00:00,7.7,56,100,0.0,1.0283074229969984,0.0,0.8660254037844386,0.5000000000000001,1,1.101764514809006,0.0,0.0,1.1799656143663957
2026-02-03 05:00:00,7.8,59,100,0.0,1.1799656143663957,0.0,0.9659258262890683,0.25881904510252074,1,1.077707758952015,0.0,0.0,1.1358086193357397
2026-02-03 06:00:00,8.2,60,100,0.0,1.1358086193357397,0.0,1.0,6.123233995736766e-17,1,1.0609797641222016,0.0,0.016,0.7651560787401652
2026-02-03 07:00:00,7.7,82,100,4.0,0.7651560787401652,0.016,0.9659258262890683,-0.25881904510252063,1,0.7162516880566421,0.024,0.28,0.7818306135071197
2026-02-03 08:00:00,9.2,84,100,70.0,0.7818306135071197,0.28,0.8660254037844387,-0.4999999999999998,1,0.833531362739308,0.496,0.632,1.0342211975809505
2026-02-03 09:00:00,10.6,83,100,158.0,1.0342211975809505,0.632,0.7071067811865476,-0.7071067811865475,1,1.0081695268523578,1.188,0.852,0.9472160014175064
2026-02-03 10:00:00,11.1,81,100,213.0,0.9472160014175064,0.852,0.49999999999999994,-0.8660254037844387,1,0.843728555774785,1.684,0.92,1.0176398474417416
2026-02-03 11:00:00,10.6,78,100,230.0,1.0176398474417416,0.92,0.258819045102521,-0.9659258262890682,1,0.955185937178296,1.552,0.828,0.9917399987316236
2026-02-03 12:00:00,11.3,60,100,207.0,0.9917399987316236,0.828,1.2246467991473532e-16,-1.0,1,1.015999487062448,0.752,1.08,1.0442611808536344
2026-02-03 13:00:00,13.4,50,100,270.0,1.0442611808536344,1.08,-0.2588190451025208,-0.9659258262890683,1,1.03424968523904,1.844,0.716,0.8735760379687193
2026-02-03 14:00:00,11.8,48,99,179.0,0.8735760379687193,0.716,-0.4999999999999997,-0.8660254037844388,1,1.1031647504292854,1.7,0.872,1.1115630604421018
2026-02-03 15:00:00,10.4,58,99,218.0,1.1115630604421018,0.872,-0.7071067811865471,-0.7071067811865479,1,1.3185485629585225,1.688,0.316,1.2588591856915181
2026-02-03 16:00:00,9.4,73,45,79.0,1.2588591856915181,0.316,-0.8660254037844385,-0.5000000000000004,1,1.3342054998238022,0.984,0.22,1.6654799859119997
2026-02-03 17:00:00,7.3,87,71,55.0,1.6654799859119997,0.22,-0.9659258262890683,-0.25881904510252063,1,1.7493524203348279,0.26,0.0,2.1098076330504703
2026-02-03 18:00:00,6.8,90,73,0.0,2.1098076330504703,0.0,-1.0,-1.8369701987210297e-16,1,2.2723275398250937,0.0,0.0,2.7468656193846144
2026-02-03 19:00:00,6.0,91,42,0.0,2.7468656193846144,0.0,-0.9659258262890684,0.2588190451025203,1,2.65603571913986,0.0,0.0,3.077873967144943
2026-02-03 20:00:00,4.7,92,52,0.0,3.077873967144943,0.0,-0.8660254037844386,0.5000000000000001,1,2.9085013906090076,0.0,0.0,2.8934798868349887
2026-02-03 21:00:00,4.3,92,1,0.0,2.8934798868349887,0.0,-0.7071067811865477,0.7071067811865474,1,2.6807726126856863,0.0,0.0,2.2607399368520693
2026-02-03 22:00:00,3.1,92,2,0.0,2.2607399368520693,0.0,-0.5000000000000004,0.8660254037844384,1,2.3102067710456615,0.0,0.0,1.7043761341376522
2026-02-03 23:00:00,2.6,91,1,0.0,1.7043761341376522,0.0,-0.25881904510252157,0.9659258262890681,1,1.6391662357275423,0.0,0.0,1.0518865434733158
2026-02-04 00:00:00,2.8,89,14,0.0,1.0518865434733158,0.0,0.0,1.0,2,0.9961586342051222,0.0,0.0,1.15087215855436
2026-02-04 01:00:00,3.0,89,14,0.0,1.15087215855436,0.0,0.25881904510252074,0.9659258262890683,2,0.9843047139459119,0.0,0.0,0.9832543015003622
2026-02-04 02:00:00,3.4,89,30,0.0,0.9832543015003622,0.0,0.49999999999999994,0.8660254037844387,2,1.005149743664453,0.0,0.0,1.1202938524269528
2026-02-04 03:00:00,3.6,90,67,0.0,1.1202938524269528,0.0,0.7071067811865476,0.7071067811865476,2,1.0638693424240724,0.0,0.0,1.011383192072648
2026-02-04 04:00:00,3.7,90,97,0.0,1.011383192072648,0.0,0.8660254037844386,0.5000000000000001,2,1.0283074229969984,0.0,0.0,0.8023994850738759
2026-02-04 05:00:00,3.2,90,100,0.0,0.8023994850738759,0.0,0.9659258262890683,0.25881904510252074,2,1.1799656143663957,0.0,0.0,1.004686951049597
2026-02-04 06:00:00,4.0,85,46,0.0,1.004686951049597,0.0,1.0,6.123233995736766e-17,2,1.1358086193357397,0.0,0.028,0.8472192873487141
2026-02-04 07:00:00,3.7,86,69,7.0,0.8472192873487141,0.028,0.9659258262890683,-0.25881904510252063,2,0.7651560787401652,0.016,0.344,1.034370009109452
2026-02-04 08:00:00,5.6,80,100,86.0,1.034370009109452,0.344,0.8660254037844387,-0.4999999999999998,2,0.7818306135071197,0.28,0.672,0.8349416998700365
2026-02-04 09:00:00,6.9,75,100,168.0,0.8349416998700365,0.672,0.7071067811865476,-0.7071067811865475,2,1.0342211975809505,0.632,0.688,1.0338644839094355
2026-02-04 10:00:00,7.1,79,100,172.0,1.0338644839094355,0.688,0.49999999999999994,-0.8660254037844387,2,0.9472160014175064,0.852,0.764,0.9366748465298108
2026-02-04 11:00:00,6.5,91,100,191.0,0.9366748465298108,0.764,0.258819045102521,-0.9659258262890682,2,1.0176398474417416,0.92,0.36,1.0824593133093274
2026-02-04 12:00:00,6.0,91,100,90.0,1.0824593133093274,0.36,1.2246467991473532e-16,-1.0,2,0.9917399987316236,0.828,0.76,0.9780922220549884
2026-02-04 13:00:00,7.5,84,100,190.0,0.9780922220549884,0.76,-0.2588190451025208,-0.9659258262890683,2,1.0442611808536344,1.08,1.16,0.8281691935524134
2026-02-04 14:00:00,9.7,73,100,290.0,0.8281691935524134,1.16,-0.4999999999999997,-0.8660254037844388,2,0.8735760379687193,0.716,0.796,1.0113137614679424
2026-02-04 15:00:00,9.5,75,100,199.0,1.0113137614679424,0.796,-0.7071067811865471,-0.7071067811865479,2,1.1115630604421018,0.872,0.336,1.224649294069733
2026-02-04 16:00:00,9.2,78,100,84.0,1.224649294069733,0.336,-0.8660254037844385,-0.5000000000000004,2,1.2588591856915181,0.316,0.144,1.6196729211243692
2026-02-04 17:00:00,9.0,79,100,36.0,1.6196729211243692,0.144,-0.9659258262890683,-0.25881904510252063,2,1.6654799859119997,0.22,0.0,2.186620344738389
2026-02-04 18:00:00,9.2,80,100,0.0,2.186620344738389,0.0,-1.0,-1.8369701987210297e-16,2,2.1098076330504703,0.0,0.0,2.675389764124355
2026-02-04 19:00:00,9.2,83,100,0.0,2.675389764124355,0.0,-0.9659258262890684,0.2588190451025203,2,2.7468656193846144,0.0,0.0,3.0545246730446824
2026-02-04 20:00:00,9.3,83,100,0.0,3.0545246730446824,0.0,-0.8660254037844386,0.5000000000000001,2,3.077873967144943,0.0,0.0,2.877718011948036
2026-02-04 21:00:00,9.7,84,85,0.0,2.877718011948036,0.0,-0.7071067811865477,0.7071067811865474,2,2.8934798868349887,0.0,0.0,1.9679749600609306
2026-02-04 22:00:00,10.2,84,100,0.0,1.9679749600609306,0.0,-0.5000000000000004,0.8660254037844384,2,2.2607399368520693,0.0,0.0,1.639215814903847
2026-02-04 23:00:00,9.9,92,100,0.0,1.639215814903847,0.0,-0.25881904510252157,0.9659258262890681,2,1.7043761341376522,0.0,0.0,1.164842079377756
2026-02-05 00:00:00,10.4,89,100,0.0,1.164842079377756,0.0,0.0,1.0,3,1.0518865434733158,0.0,0.0,1.028515173347622
2026-02-05 01:00:00,10.9,85,100,0.0,1.028515173347622,0.0,0.25881904510252074,0.9659258262890683,3,1.15087215855436,0.0,0.0,0.9374073525904565
2026-02-05 02:00:00,11.0,84,98,0.0,0.9374073525904565,0.0,0.49999999999999994,0.8660254037844387,3,0.9832543015003622,0.0,0.0,0.9506226174124967
2026-02-05 03:00:00,11.4,82,94,0.0,0.9506226174124967,0.0,0.7071067811865476,0.7071067811865476,3,1.1202938524269528,0.0,0.0,0.9976447641898711
2026-02-05 04:00:00,11.8,81,94,0.0,0.9976447641898711,0.0,0.8660254037844386,0.5000000000000001,3,1.011383192072648,0.0,0.0,1.1771324496877258
2026-02-05 05:00:00,11.9,82,100,0.0,1.1771324496877258,0.0,0.9659258262890683,0.25881904510252074,3,0.8023994850738759,0.0,0.0,1.0330249054129041
2026-02-05 06:00:00,12.0,83,100,0.0,1.0330249054129041,0.0,1.0,6.123233995736766e-17,3,1.004686951049597,0.0,0.016,1.0921741150780309
2026-02-05 07:00:00,12.0,82,96,4.0,1.0921741150780309,0.016,0.9659258262890683,-0.25881904510252063,3,0.8472192873487141,0.028,0.34,1.0457300187490686
2026-02-05 08:00:00,12.6,81,98,85.0,1.0457300187490686,0.34,0.8660254037844387,-0.4999999999999998,3,1.034370009109452,0.344,0.632,0.9856697824954234
2026-02-05 09:00:00,13.3,78,93,158.0,0.9856697824954234,0.632,0.7071067811865476,-0.7071067811865475,3,0.8349416998700365,0.672,1.348,0.8900822221841794
2026-02-05 10:00:00,14.8,67,99,337.0,0.8900822221841794,1.348,0.49999999999999994,-0.8660254037844387,3,1.0338644839094355,0.688,2.152,1.0009075317402576
2026-02-05 11:00:00,16.4,56,96,538.0,1.0009075317402576,2.152,0.258819045102521,-0.9659258262890682,3,0.9366748465298108,0.764,2.468,0.9952721618496031
2026-02-05 12:00:00,17.1,52,37,617.0,0.9952721618496031,2.468,1.2246467991473532e-16,-1.0,3,1.0824593133093274,0.36,2.384,1.040895126659963
2026-02-05 13:00:00,17.7,48,10,596.0,1.040895126659963,2.384,-0.2588190451025208,-0.9659258262890683,3,0.9780922220549884,0.76,2.2,1.2866250416331984
2026-02-05 14:00:00,17.9,51,4,550.0,1.2866250416331984,2.2,-0.4999999999999997,-0.8660254037844388,3,0.8281691935524134,1.16,1.676,1.1309861720833527
2026-02-05 15:00:00,17.6,54,9,419.0,1.1309861720833527,1.676,-0.7071067811865471,-0.7071067811865479,3,1.0113137614679424,0.796,1.0,1.4731747671016482
2026-02-05 16:00:00,17.2,55,20,250.0,1.4731747671016482,1.0,-0.8660254037844385,-0.5000000000000004,3,1.224649294069733,0.336,0.276,1.59742278025952
2026-02-05 17:00:00,15.1,64,39,69.0,1.59742278025952,0.276,-0.9659258262890683,-0.25881904510252063,3,1.6196729211243692,0.144,0.0,2.1053129026396213
2026-02-05 18:00:00,14.2,67,13,0.0,2.1053129026396213,0.0,-1.0,-1.8369701987210297e-16,3,2.186620344738389,0.0,0.0,2.806885904844341
2026-02-05 19:00:00,14.3,67,0,0.0,2.806885904844341,0.0,-0.9659258262890684,0.2588190451025203,3,2.675389764124355,0.0,0.0,3.1566689643098194
2026-02-05 20:00:00,14.2,67,0,0.0,3.1566689643098194,0.0,-0.8660254037844386,0.5000000000000001,3,3.0545246730446824,0.0,0.0,2.878603423094273
2026-02-05 21:00:00,13.8,67,0,0.0,2.878603423094273,0.0,-0.7071067811865477,0.7071067811865474,3,2.877718011948036,0.0,0.0,2.1886529049289867
2026-02-05 22:00:00,13.3,66,0,0.0,2.1886529049289867,0.0,-0.5000000000000004,0.8660254037844384,3,1.9679749600609306,0.0,0.0,1.6901574612898702
2026-02-05 23:00:00,13.4,63,23,0.0,1.6901574612898702,0.0,-0.25881904510252157,0.9659258262890681,3,1.639215814903847,0.0,0.0,1.0209334544176933
2026-02-06 00:00:00,13.0,64,5,0.0,1.0209334544176933,0.0,0.0,1.0,4,1.164842079377756,0.0,0.0,0.9776574580576515
2026-02-06 01:00:00,13.7,61,2,0.0,0.9776574580576515,0.0,0.25881904510252074,0.9659258262890683,4,1.028515173347622,0.0,0.0,1.0229327747569055
2026-02-06 02:00:00,13.6,63,9,0.0,1.0229327747569055,0.0,0.49999999999999994,0.8660254037844387,4,0.9374073525904565,0.0,0.0,1.0888324787157073
2026-02-06 03:00:00,13.5,66,11,0.0,1.0888324787157073,0.0,0.7071067811865476,0.7071067811865476,4,0.9506226174124967,0.0,0.0,0.9714739458280072
2026-02-06 04:00:00,12.6,73,41,0.0,0.9714739458280072,0.0,0.8660254037844386,0.5000000000000001,4,0.9976447641898711,0.0,0.0,0.9805520715303189
2026-02-06 05:00:00,11.9,79,55,0.0,0.9805520715303189,0.0,0.9659258262890683,0.25881904510252074,4,1.1771324496877258,0.0,0.0,0.886965802192807
2026-02-06 06:00:00,11.6,80,5,0.0,0.886965802192807,0.0,1.0,6.123233995736766e-17,4,1.0330249054129041,0.0,0.032,1.049715270883883
2026-02-06 07:00:00,10.5,85,32,8.0,1.049715270883883,0.032,0.9659258262890683,-0.25881904510252063,4,1.0921741150780309,0.016,0.48,0.9079479088063207
2026-02-06 08:00:00,12.5,76,11,120.0,0.9079479088063207,0.48,0.8660254037844387,-0.4999999999999998,4,1.0457300187490686,0.34,1.276,1.0222715721077429
2026-02-06 09:00:00,14.6,65,21,319.0,1.0222715721077429,1.276,0.7071067811865476,-0.7071067811865475,4,0.9856697824954234,0.632,1.864,0.9112268652321618
2026-02-06 10:00:00,16.3,42,11,466.0,0.9112268652321618,1.864,0.49999999999999994,-0.8660254037844387,4,0.8900822221841794,1.348,2.356,1.1601452643416965
2026-02-06 11:00:00,17.0,33,16,589.0,1.1601452643416965,2.356,0.258819045102521,-0.9659258262890682,4,1.0009075317402576,2.152,2.564,0.9182235712535975
2026-02-06 12:00:00,17.1,35,1,641.0,0.9182235712535975,2.564,1.2246467991473532e-16,-1.0,4,0.9952721618496031,2.468,2.584,0.8614447345770828
2026-02-06 13:00:00,17.5,39,1,646.0,0.8614447345770828,2.584,-0.2588190451025208,-0.9659258262890683,4,1.040895126659963,2.384,2.268,1.0307050893317065
2026-02-06 14:00:00,17.4,41,11,567.0,1.0307050893317065,2.268,-0.4999999999999997,-0.8660254037844388,4,1.2866250416331984,2.2,1.68,1.228400714824273
2026-02-06 15:00:00,17.0,42,9,420.0,1.228400714824273,1.68,-0.7071067811865471,-0.7071067811865479,4,1.1309861720833527,1.676,1.024,1.2340482486380355
2026-02-06 16:00:00,15.8,45,5,256.0,1.2340482486380355,1.024,-0.8660254037844385,-0.5000000000000004,4,1.4731747671016482,1.0,0.292,1.8163031616867034
2026-02-06 17:00:00,13.1,55,4,73.0,1.8163031616867034,0.292,-0.9659258262890683,-0.25881904510252063,4,1.59742278025952,0.276,0.0,2.3840184598589373
2026-02-06 18:00:00,11.2,64,9,0.0,2.3840184598589373,0.0,-1.0,-1.8369701987210297e-16,4,2.1053129026396213,0.0,0.0,2.6102131272623414
2026-02-06 19:00:00,10.1,72,7,0.0,2.6102131272623414,0.0,-0.9659258262890684,0.2588190451025203,4,2.806885904844341,0.0,0.0,3.098951729359386
2026-02-06 20:00:00,8.9,78,13,0.0,3.098951729359386,0.0,-0.8660254037844386,0.5000000000000001,4,3.1566689643098194,0.0,0.0,2.8166343563624956
2026-02-06 21:00:00,7.9,82,90,0.0,2.8166343563624956,0.0,-0.7071067811865477,0.7071067811865474,4,2.878603423094273,0.0,0.0,2.2502066707935278
2026-02-06 22:00:00,7.5,82,31,0.0,2.2502066707935278,0.0,-0.5000000000000004,0.8660254037844384,4,2.1886529049289867,0.0,0.0,1.5327441451972468
2026-02-06 23:00:00,6.9,84,76,0.0,1.5327441451972468,0.0,-0.25881904510252157,0.9659258262890681,4,1.6901574612898702,0.0,0.0,0.9396425010530649
2026-02-07 00:00:00,7.3,78,100,0.0,0.9396425010530649,0.0,0.0,1.0,5,1.0209334544176933,0.0,0.0,1.0985907971689741
2026-02-07 01:00:00,9.3,69,100,0.0,1.0985907971689741,0.0,0.25881904510252074,0.9659258262890683,5,0.9776574580576515,0.0,0.0,1.085146684821407
2026-02-07 02:00:00,10.5,62,100,0.0,1.085146684821407,0.0,0.49999999999999994,0.8660254037844387,5,1.0229327747569055,0.0,0.0,0.818378419195459
2026-02-07 03:00:00,10.7,64,100,0.0,0.818378419195459,0.0,0.7071067811865476,0.7071067811865476,5,1.0888324787157073,0.0,0.0,1.0765137958433455
2026-02-07 04:00:00,9.9,73,100,0.0,1.0765137958433455,0.0,0.8660254037844386,0.5000000000000001,5,0.9714739458280072,0.0,0.0,1.0500289720757585
2026-02-07 05:00:00,9.1,80,100,0.0,1.0500289720757585,0.0,0.9659258262890683,0.25881904510252074,5,0.9805520715303189,0.0,0.0,1.0783868062335291
2026-02-07 06:00:00,8.0,82,100,0.0,1.0783868062335291,0.0,1.0,6.123233995736766e-17,5,0.886965802192807,0.0,0.008,1.1346335175960423
2026-02-07 07:00:00,7.9,77,100,2.0,1.1346335175960423,0.008,0.9659258262890683,-0.25881904510252063,5,1.049715270883883,0.032,0.116,0.9226197607881809
2026-02-07 08:00:00,7.8,75,100,29.0,0.9226197607881809,0.116,0.8660254037844387,-0.4999999999999998,5,0.9079479088063207,0.48,0.32,0.9477305491259973
2026-02-07 09:00:00,8.1,74,100,80.0,0.9477305491259973,0.32,0.7071067811865476,-0.7071067811865475,5,1.0222715721077429,1.276,0.428,1.1833994728255506
2026-02-07 10:00:00,8.6,72,99,107.0,1.1833994728255506,0.428,0.49999999999999994,-0.8660254037844387,5,0.9112268652321618,1.864,0.68,1.0202110595244607
2026-02-07 11:00:00,9.3,65,20,170.0,1.0202110595244607,0.68,0.258819045102521,-0.9659258262890682,5,1.1601452643416965,2.356,2.304,1.0357410901149835
2026-02-07 12:00:00,11.5,48,13,576.0,1.0357410901149835,2.304,1.2246467991473532e-16,-1.0,5,0.9182235712535975,2.564,2.548,1.028393894579162
2026-02-07 13:00:00,11.6,47,46,637.0,1.028393894579162,2.548,-0.2588190451025208,-0.9659258262890683,5,0.8614447345770828,2.584,1.756,0.9625011010595997
2026-02-07 14:00:00,11.3,48,51,439.0,0.9625011010595997,1.756,-0.4999999999999997,-0.8660254037844388,5,1.0307050893317065,2.268,1.304,1.1011619262895571
2026-02-07 15:00:00,11.8,42,2,326.0,1.1011619262895571,1.304,-0.7071067811865471,-0.7071067811865479,5,1.228400714824273,1.68,1.072,1.3108383479907877
2026-02-07 16:00:00,11.0,44,0,268.0,1.3108383479907877,1.072,-0.8660254037844385,-0.5000000000000004,5,1.2340482486380355,1.024,0.324,1.6082014794370953
2026-02-07 17:00:00,9.0,53,0,81.0,1.6082014794370953,0.324,-0.9659258262890683,-0.25881904510252063,5,1.8163031616867034,0.292,0.0,2.2758093988042964
2026-02-07 18:00:00,7.7,60,0,0.0,2.2758093988042964,0.0,-1.0,-1.8369701987210297e-16,5,2.3840184598589373,0.0,0.0,2.7077121321565407
2026-02-07 19:00:00,6.1,69,0,0.0,2.7077121321565407,0.0,-0.9659258262890684,0.2588190451025203,5,2.6102131272623414,0.0,0.0,3.0765592504866026
2026-02-07 20:00:00,5.3,75,0,0.0,3.0765592504866026,0.0,-0.8660254037844386,0.5000000000000001,5,3.098951729359386,0.0,0.0,2.653997930200985
2026-02-07 21:00:00,4.7,78,0,0.0,2.653997930200985,0.0,-0.7071067811865477,0.7071067811865474,5,2.8166343563624956,0.0,0.0,2.140935905703423
2026-02-07 22:00:00,4.4,78,0,0.0,2.140935905703423,0.0,-0.5000000000000004,0.8660254037844384,5,2.2502066707935278,0.0,0.0,1.7538516351952882
2026-02-07 23:00:00,4.5,75,0,0.0,1.7538516351952882,0.0,-0.25881904510252157,0.9659258262890681,5,1.5327441451972468,0.0,0.0,1.2218521637283883
2026-02-08 00:00:00,4.2,75,0,0.0,1.2218521637283883,0.0,0.0,1.0,6,0.9396425010530649,0.0,0.0,0.8820884321202416
2026-02-08 01:00:00,4.9,70,22,0.0,0.8820884321202416,0.0,0.25881904510252074,0.9659258262890683,6,1.0985907971689741,0.0,0.0,0.8946980777901478
2026-02-08 02:00:00,4.7,68,9,0.0,0.8946980777901478,0.0,0.49999999999999994,0.8660254037844387,6,1.085146684821407,0.0,0.0,1.0346503386800705
2026-02-08 03:00:00,5.1,62,97,0.0,1.0346503386800705,0.0,0.7071067811865476,0.7071067811865476,6,0.818378419195459,0.0,0.0,1.0534045654373407
2026-02-08 04:00:00,5.8,57,100,0.0,1.0534045654373407,0.0,0.8660254037844386,0.5000000000000001,6,1.0765137958433455,0.0,0.0,1.049001323232915
2026-02-08 05:00:00,6.5,55,74,0.0,1.049001323232915,0.0,0.9659258262890683,0.25881904510252074,6,1.0500289720757585,0.0,0.0,1.20761622199516
2026-02-08 06:00:00,6.6,61,100,0.0,1.20761622199516,0.0,1.0,6.123233995736766e-17,6,1.0783868062335291,0.0,0.032,1.0342864395798357
2026-02-08 07:00:00,7.4,61,100,8.0,1.0342864395798357,0.032,0.9659258262890683,-0.25881904510252063,6,1.1346335175960423,0.008,0.252,0.8384904382734963
2026-02-08 08:00:00,8.6,57,100,63.0,0.8384904382734963,0.252,0.8660254037844387,-0.4999999999999998,6,0.9226197607881809,0.116,0.68,1.0356847172430075
2026-02-08 09:00:00,8.8,60,100,170.0,1.0356847172430075,0.68,0.7071067811865476,-0.7071067811865475,6,0.9477305491259973,0.32,0.948,0.9476567684477637
2026-02-08 10:00:00,6.3,88,100,237.0,0.9476567684477637,0.948,0.49999999999999994,-0.8660254037844387,6,1.1833994728255506,0.428,0.872,0.9700564012979891
2026-02-08 11:00:00,6.2,88,100,218.0,0.9700564012979891,0.872,0.258819045102521,-0.9659258262890682,6,1.0202110595244607,0.68,1.088,1.0580846446038066
2026-02-08 12:00:00,5.8,83,100,272.0,1.0580846446038066,1.088,1.2246467991473532e-16,-1.0,6,1.0357410901149835,2.304,1.78,0.8096720610295611
2026-02-08 13:00:00,7.8,66,96,445.0,0.8096720610295611,1.78,-0.2588190451025208,-0.9659258262890683,6,1.028393894579162,2.548,1.46,1.2569883428903068
2026-02-08 14:00:00,8.0,62,71,365.0,1.2569883428903068,1.46,-0.4999999999999997,-0.8660254037844388,6,0.9625011010595997,1.756,1.192,0.9624165888088221
2026-02-08 15:00:00,8.4,60,4,298.0,0.9624165888088221,1.192,-0.7071067811865471,-0.7071067811865479,6,1.1011619262895571,1.304,1.064,1.2412687907242792
2026-02-08 16:00:00,8.3,60,7,266.0,1.2412687907242792,1.064,-0.8660254037844385,-0.5000000000000004,6,1.3108383479907877,1.072,0.32,1.7867393388442356
2026-02-08 17:00:00,6.7,68,8,80.0,1.7867393388442356,0.32,-0.9659258262890683,-0.25881904510252063,6,1.6082014794370953,0.324,0.0,2.195964462910806
2026-02-08 18:00:00,5.6,78,17,0.0,2.195964462910806,0.0,-1.0,-1.8369701987210297e-16,6,2.2758093988042964,0.0,0.0,2.6261506789701974
2026-02-08 19:00:00,5.5,79,50,0.0,2.6261506789701974,0.0,-0.9659258262890684,0.2588190451025203,6,2.7077121321565407,0.0,0.0,3.1883507537278364
2026-02-08 20:00:00,5.0,82,93,0.0,3.1883507537278364,0.0,-0.8660254037844386,0.5000000000000001,6,3.0765592504866026,0.0,0.0,2.652229864706579
2026-02-08 21:00:00,4.9,83,27,0.0,2.652229864706579,0.0,-0.7071067811865477,0.7071067811865474,6,2.653997930200985,0.0,0.0,2.39808481936945
2026-02-08 22:00:00,4.1,86,20,0.0,2.39808481936945,0.0,-0.5000000000000004,0.8660254037844384,6,2.140935905703423,0.0,0.0,1.7992399615783532
2026-02-08 23:00:00,4.3,82,98,0.0,1.7992399615783532,0.0,-0.25881904510252157,0.9659258262890681,6,1.7538516351952882,0.0,0.0,0.8656411374680083
2026-02-09 00:00:00,4.4,83,16,0.0,0.8656411374680083,0.0,0.0,1.0,0,1.2218521637283883,0.0,0.0,0.9759799033006533
2026-02-09 01:00:00,4.4,81,13,0.0,0.9759799033006533,0.0,0.25881904510252074,0.9659258262890683,0,0.8820884321202416,0.0,0.0,0.8974764791510794
2026-02-09 02:00:00,4.2,81,6,0.0,0.8974764791510794,0.0,0.49999999999999994,0.8660254037844387,0,0.8946980777901478,0.0,0.0,1.0927093157642216
2026-02-09 03:00:00,4.1,82,7,0.0,1.0927093157642216,0.0,0.7071067811865476,0.7071067811865476,0,1.0346503386800705,0.0,0.0,0.8981083931891978
2026-02-09 04:00:00,4.2,82,16,0.0,0.8981083931891978,0.0,0.8660254037844386,0.5000000000000001,0,1.0534045654373407,0.0,0.0,1.0089884759704397
2026-02-09 05:00:00,4.2,81,9,0.0,1.0089884759704397,0.0,0.9659258262890683,0.25881904510252074,0,1.049001323232915,0.0,0.0,1.1261661787135802
2026-02-09 06:00:00,4.6,82,2,0.0,1.1261661787135802,0.0,1.0,6.123233995736766e-17,0,1.20761622199516,0.0,0.044,1.0280260421813163
2026-02-09 07:00:00,4.6,81,2,11.0,1.0280260421813163,0.044,0.9659258262890683,-0.25881904510252063,0,1.0342864395798357,0.032,0.596,1.008674602753846
2026-02-09 08:00:00,6.7,70,34,149.0,1.008674602753846,0.596,0.8660254037844387,-0.4999999999999998,0,0.8384904382734963,0.252,1.364,0.9477856797199572
2026-02-09 09:00:00,8.1,62,95,341.0,0.9477856797199572,1.364,0.7071067811865476,-0.7071067811865475,0,1.0356847172430075,0.68,2.004,1.1183339577968776
2026-02-09 10:00:00,9.7,54,100,501.0,1.1183339577968776,2.004,0.49999999999999994,-0.8660254037844387,0,0.9476567684477637,0.948,2.26,0.9240298173674931
2026-02-09 11:00:00,11.0,45,94,565.0,0.9240298173674931,2.26,0.258819045102521,-0.9659258262890682,0,0.9700564012979891,0.872,2.588,0.9493412261507889
2026-02-09 12:00:00,11.9,39,100,647.0,0.9493412261507889,2.588,1.2246467991473532e-16,-1.0,0,1.0580846446038066,1.088,2.536,0.9944250907416898
2026-02-09 13:00:00,12.4,43,100,634.0,0.9944250907416898,2.536,-0.2588190451025208,-0.9659258262890683,0,0.8096720610295611,1.78,0.628,1.1643200914259104
2026-02-09 14:00:00,10.9,47,100,157.0,1.1643200914259104,0.628,-0.4999999999999997,-0.8660254037844388,0,1.2569883428903068,1.46,0.452,0.9796353932592463
2026-02-09 15:00:00,10.6,52,100,113.0,0.9796353932592463,0.452,-0.7071067811865471,-0.7071067811865479,0,0.9624165888088221,1.192,0.332,1.3610251328184348
2026-02-09 16:00:00,10.1,59,100,83.0,1.3610251328184348,0.332,-0.8660254037844385,-0.5000000000000004,0,1.2412687907242792,1.064,0.088,1.561099303188857
2026-02-09 17:00:00,9.1,66,100,22.0,1.561099303188857,0.088,-0.9659258262890683,-0.25881904510252063,0,1.7867393388442356,0.32,0.0,2.3492844405774154
2026-02-09 18:00:00,8.8,74,98,0.0,2.3492844405774154,0.0,-1.0,-1.8369701987210297e-16,0,2.195964462910806,0.0,0.0,2.812960165760981
2026-02-09 19:00:00,8.5,80,22,0.0,2.812960165760981,0.0,-0.9659258262890684,0.2588190451025203,0,2.6261506789701974,0.0,0.0,2.919368224243436
2026-02-09 20:00:00,7.3,87,37,0.0,2.919368224243436,0.0,-0.8660254037844386,0.5000000000000001,0,3.1883507537278364,0.0,0.0,2.804458525975854
2026-02-09 21:00:00,7.5,87,59,0.0,2.804458525975854,0.0,-0.7071067811865477,0.7071067811865474,0,2.652229864706579,0.0,0.0,2.213427457479808
2026-02-09 22:00:00,7.6,86,56,0.0,2.213427457479808,0.0,-0.5000000000000004,0.8660254037844384,0,2.39808481936945,0.0,0.0,1.7603695096458425
2026-02-09 23:00:00,7.3,88,41,0.0,1.7603695096458425,0.0,-0.25881904510252157,0.9659258262890681,0,1.7992399615783532,0.0,0.0,1.123466726161456
2026-02-10 00:00:00,7.1,89,55,0.0,1.123466726161456,0.0,0.0,1.0,1,0.8656411374680083,0.0,0.0,1.075834202091193
2026-02-10 01:00:00,7.3,89,41,0.0,1.075834202091193,0.0,0.25881904510252074,0.9659258262890683,1,0.9759799033006533,0.0,0.0,1.0860369525320501
2026-02-10 02:00:00,7.0,87,99,0.0,1.0860369525320501,0.0,0.49999999999999994,0.8660254037844387,1,0.8974764791510794,0.0,0.0,1.1475151236117764
2026-02-10 03:00:00,7.6,84,31,0.0,1.1475151236117764,0.0,0.7071067811865476,0.7071067811865476,1,1.0927093157642216,0.0,0.0,0.9537347953422836
2026-02-10 04:00:00,6.9,89,58,0.0,0.9537347953422836,0.0,0.8660254037844386,0.5000000000000001,1,0.8981083931891978,0.0,0.0,1.0585091475073016
2026-02-10 05:00:00,6.5,91,38,0.0,1.0585091475073016,0.0,0.9659258262890683,0.25881904510252074,1,1.0089884759704397,0.0,0.0,0.9952304443735048
2026-02-10 06:00:00,6.9,93,50,0.0,0.9952304443735048,0.0,1.0,6.123233995736766e-17,1,1.1261661787135802,0.0,0.04,0.9031077725924213
2026-02-10 07:00:00,7.5,93,93,10.0,0.9031077725924213,0.04,0.9659258262890683,-0.25881904510252063,1,1.0280260421813163,0.044,0.432,0.9497708467170025
2026-02-10 08:00:00,10.1,82,59,108.0,0.9497708467170025,0.432,0.8660254037844387,-0.4999999999999998,1,1.008674602753846,0.596,1.156,1.1401580237674087
2026-02-10 09:00:00,12.4,75,91,289.0,1.1401580237674087,1.156,0.7071067811865476,-0.7071067811865475,1,0.9477856797199572,1.364,1.808,1.006329519700018
2026-02-10 10:00:00,14.8,65,84,452.0,1.006329519700018,1.808,0.49999999999999994,-0.8660254037844387,1,1.1183339577968776,2.004,2.352,1.0618969237075662
2026-02-10 11:00:00,16.5,57,88,588.0,1.0618969237075662,2.352,0.258819045102521,-0.9659258262890682,1,0.9240298173674931,2.26,1.9,0.9000158747009804
2026-02-10 12:00:00,16.4,58,79,475.0,0.9000158747009804,1.9,1.2246467991473532e-16,-1.0,1,0.9493412261507889,2.588,2.412,1.0198495389814326
2026-02-10 13:00:00,16.9,57,48,603.0,1.0198495389814326,2.412,-0.2588190451025208,-0.9659258262890683,1,0.9944250907416898,2.536,1.816,1.0764763788230587
2026-02-10 14:00:00,16.7,57,52,454.0,1.0764763788230587,1.816,-0.4999999999999997,-0.8660254037844388,1,1.1643200914259104,0.628,1.356,1.2028843011509047
2026-02-10 15:00:00,16.0,62,36,339.0,1.2028843011509047,1.356,-0.7071067811865471,-0.7071067811865479,1,0.9796353932592463,0.452,0.892,1.2945059256951466
2026-02-10 16:00:00,15.0,70,42,223.0,1.2945059256951466,0.892,-0.8660254037844385,-0.5000000000000004,1,1.3610251328184348,0.332,0.28,1.515379599259975
2026-02-10 17:00:00,13.7,77,90,70.0,1.515379599259975,0.28,-0.9659258262890683,-0.25881904510252063,1,1.561099303188857,0.088,0.004,2.155312127188439
2026-02-10 18:00:00,12.5,83,100,1.0,2.155312127188439,0.004,-1.0,-1.8369701987210297e-16,1,2.3492844405774154,0.0,0.0,2.612833726608499
2026-02-10 19:00:00,12.8,81,100,0.0,2.612833726608499,0.0,-0.9659258262890684,0.2588190451025203,1,2.812960165760981,0.0,0.0,3.136702551947508
2026-02-10 20:00:00,12.3,83,100,0.0,3.136702551947508,0.0,-0.8660254037844386,0.5000000000000001,1,2.919368224243436,0.0,0.0,2.6445918576719656
2026-02-10 21:00:00,11.9,84,100,0.0,2.6445918576719656,0.0,-0.7071067811865477,0.7071067811865474,1,2.804458525975854,0.0,0.0,2.1205733042768973
2026-02-10 22:00:00,11.4,87,99,0.0,2.1205733042768973,0.0,-0.5000000000000004,0.8660254037844384,1,2.213427457479808,0.0,0.0,1.6460489160885599
2026-02-10 23:00:00,10.9,88,94,0.0,1.6460489160885599,0.0,-0.25881904510252157,0.9659258262890681,1,1.7603695096458425,0.0,0.0,1.0849118108439075
2026-02-11 00:00:00,11.8,86,99,0.0,1.0849118108439075,0.0,0.0,1.0,2,1.123466726161456,0.0,0.0,1.0382046090428434
2026-02-11 01:00:00,11.2,88,99,0.0,1.0382046090428434,0.0,0.25881904510252074,0.9659258262890683,2,1.075834202091193,0.0,0.0,0.8698477793591057
2026-02-11 02:00:00,11.6,87,100,0.0,0.8698477793591057,0.0,0.49999999999999994,0.8660254037844387,2,1.0860369525320501,0.0,0.0,1.0680423083186048
2026-02-11 03:00:00,12.2,84,100,0.0,1.0680423083186048,0.0,0.7071067811865476,0.7071067811865476,2,1.1475151236117764,0.0,0.0,0.9287817925640451
2026-02-11 04:00:00,12.4,83,100,0.0,0.9287817925640451,0.0,0.8660254037844386,0.5000000000000001,2,0.9537347953422836,0.0,0.0,0.9150820887242265
2026-02-11 05:00:00,13.2,79,99,0.0,0.9150820887242265,0.0,0.9659258262890683,0.25881904510252074,2,1.0585091475073016,0.0,0.0,0.8083184393803379
2026-02-11 06:00:00,13.0,83,41,0.0,0.8083184393803379,0.0,1.0,6.123233995736766e-17,2,0.9952304443735048,0.0,0.048,1.0480369778788425
2026-02-11 07:00:00,13.1,81,67,12.0,1.0480369778788425,0.048,0.9659258262890683,-0.25881904510252063,2,0.9031077725924213,0.04,0.596,1.0737468366899896
2026-02-11 08:00:00,14.8,71,73,149.0,1.0737468366899896,0.596,0.8660254037844387,-0.4999999999999998,2,0.9497708467170025,0.432,1.272,0.9580665426766601
2026-02-11 09:00:00,15.8,69,96,318.0,0.9580665426766601,1.272,0.7071067811865476,-0.7071067811865475,2,1.1401580237674087,1.156,1.8,1.0184328466694805
2026-02-11 10:00:00,16.8,63,98,450.0,1.0184328466694805,1.8,0.49999999999999994,-0.8660254037844387,2,1.006329519700018,1.808,2.12,1.0193536339787388
2026-02-11 11:00:00,17.6,58,91,530.0,1.0193536339787388,2.12,0.258819045102521,-0.9659258262890682,2,1.0618969237075662,2.352,2.216,0.9127930824185191
2026-02-11 12:00:00,17.8,55,87,554.0,0.9127930824185191,2.216,1.2246467991473532e-16,-1.0,2,0.9000158747009804,1.9,2.444,0.9630434676638624
2026-02-11 13:00:00,18.8,47,90,611.0,0.9630434676638624,2.444,-0.2588190451025208,-0.9659258262890683,2,1.0198495389814326,2.412,2.208,1.0805801957474006
2026-02-11 14:00:00,19.0,45,98,552.0,1.0805801957474006,2.208,-0.4999999999999997,-0.8660254037844388,2,1.0764763788230587,1.816,1.62,1.101324765619057
2026-02-11 15:00:00,18.6,45,81,405.0,1.101324765619057,1.62,-0.7071067811865471,-0.7071067811865479,2,1.2028843011509047,1.356,0.976,1.241548333490319
2026-02-11 16:00:00,17.7,49,100,244.0,1.241548333490319,0.976,-0.8660254037844385,-0.5000000000000004,2,1.2945059256951466,0.892,0.236,1.8035429402560692
2026-02-11 17:00:00,15.9,58,99,59.0,1.8035429402560692,0.236,-0.9659258262890683,-0.25881904510252063,2,1.515379599259975,0.28,0.004,2.264508695410211
2026-02-11 18:00:00,14.3,70,95,1.0,2.264508695410211,0.004,-1.0,-1.8369701987210297e-16,2,2.155312127188439,0.004,0.0,2.6228376436788383
2026-02-11 19:00:00,13.3,82,100,0.0,2.6228376436788383,0.0,-0.9659258262890684,0.2588190451025203,2,2.612833726608499,0.0,0.0,3.034363748393435
2026-02-11 20:00:00,13.8,77,100,0.0,3.034363748393435,0.0,-0.8660254037844386,0.5000000000000001,2,3.136702551947508,0.0,0.0,2.669939392681056
2026-02-11 21:00:00,13.7,80,100,0.0,2.669939392681056,0.0,-0.7071067811865477,0.7071067811865474,2,2.6445918576719656,0.0,0.0,2.0265560539405296
2026-02-11 22:00:00,13.6,78,97,0.0,2.0265560539405296,0.0,-0.5000000000000004,0.8660254037844384,2,2.1205733042768973,0.0,0.0,1.746768513895319
2026-02-11 23:00:00,13.8,73,81,0.0,1.746768513895319,0.0,-0.25881904510252157,0.9659258262890681,2,1.6460489160885599,0.0,0.0,0.8929658421272146
2026-02-12 00:00:00,13.5,77,100,0.0,0.8929658421272146,0.0,0.0,1.0,3,1.0849118108439075,0.0,0.0,1.0034490354424568
2026-02-12 01:00:00,13.0,80,100,0.0,1.0034490354424568,0.0,0.25881904510252074,0.9659258262890683,3,1.0382046090428434,0.0,0.0,1.1339855310460505
2026-02-12 02:00:00,12.0,85,98,0.0,1.1339855310460505,0.0,0.49999999999999994,0.8660254037844387,3,0.8698477793591057,0.0,0.0,0.8224507598588555
2026-02-12 03:00:00,12.2,77,100,0.0,0.8224507598588555,0.0,0.7071067811865476,0.7071067811865476,3,1.0680423083186048,0.0,0.0,0.8135296167214373
2026-02-12 04:00:00,13.0,64,55,0.0,0.8135296167214373,0.0,0.8660254037844386,0.5000000000000001,3,0.9287817925640451,0.0,0.0,1.0055424126429453
2026-02-12 05:00:00,12.8,64,38,0.0,1.0055424126429453,0.0,0.9659258262890683,0.25881904510252074,3,0.9150820887242265,0.0,0.0,0.9381235650449545
2026-02-12 06:00:00,13.3,63,77,0.0,0.9381235650449545,0.0,1.0,6.123233995736766e-17,3,0.8083184393803379,0.0,0.056,0.9395525550254531
2026-02-12 07:00:00,13.6,62,28,14.0,0.9395525550254531,0.056,0.9659258262890683,-0.25881904510252063,3,1.0480369778788425,0.048,0.608,0.9824868476347255
2026-02-12 08:00:00,14.5,62,39,152.0,0.9824868476347255,0.608,0.8660254037844387,-0.4999999999999998,3,1.0737468366899896,0.596,1.36,0.9281094744337315
2026-02-12 09:00:00,15.7,57,33,340.0,0.9281094744337315,1.36,0.7071067811865476,-0.7071067811865475,3,0.9580665426766601,1.272,1.712,0.9210299302795225
2026-02-12 10:00:00,15.8,58,23,428.0,0.9210299302795225,1.712,0.49999999999999994,-0.8660254037844387,3,1.0184328466694805,1.8,2.276,0.9964992479634441
2026-02-12 11:00:00,16.4,50,13,569.0,0.9964992479634441,2.276,0.258819045102521,-0.9659258262890682,3,1.0193536339787388,2.12,2.628,1.0867756152524362
2026-02-12 12:00:00,16.5,44,16,657.0,1.0867756152524362,2.628,1.2246467991473532e-16,-1.0,3,0.9127930824185191,2.216,2.652,1.0330460771594043
2026-02-12 13:00:00,16.9,28,12,663.0,1.0330460771594043,2.652,-0.2588190451025208,-0.9659258262890683,3,0.9630434676638624,2.444,2.42,1.092971452178866
2026-02-12 14:00:00,16.6,27,0,605.0,1.092971452178866,2.42,-0.4999999999999997,-0.8660254037844388,3,1.0805801957474006,2.208,1.9,1.0117713999815905
2026-02-12 15:00:00,15.7,28,2,475.0,1.0117713999815905,1.9,-0.7071067811865471,-0.7071067811865479,3,1.101324765619057,1.62,1.176,1.2358374271415236
2026-02-12 16:00:00,14.3,33,0,294.0,1.2358374271415236,1.176,-0.8660254037844385,-0.5000000000000004,3,1.241548333490319,0.976,0.392,1.6007980336552166
2026-02-12 17:00:00,12.1,34,0,98.0,1.6007980336552166,0.392,-0.9659258262890683,-0.25881904510252063,3,1.8035429402560692,0.236,0.004,2.0952733609247676
2026-02-12 18:00:00,10.4,42,0,1.0,2.0952733609247676,0.004,-1.0,-1.8369701987210297e-16,3,2.264508695410211,0.004,0.0,2.8770340015161375
2026-02-12 19:00:00,9.5,49,0,0.0,2.8770340015161375,0.0,-0.9659258262890684,0.2588190451025203,3,2.6228376436788383,0.0,0.0,2.999066591702123
2026-02-12 20:00:00,8.6,56,5,0.0,2.999066591702123,0.0,-0.8660254037844386,0.5000000000000001,3,3.034363748393435,0.0,0.0,2.7249294956981402
2026-02-12 21:00:00,7.5,65,5,0.0,2.7249294956981402,0.0,-0.7071067811865477,0.7071067811865474,3,2.669939392681056,0.0,0.0,2.327081288544114
2026-02-12 22:00:00,7.3,65,0,0.0,2.327081288544114,0.0,-0.5000000000000004,0.8660254037844384,3,2.0265560539405296,0.0,0.0,1.7087157669385122
2026-02-12 23:00:00,7.6,54,2,0.0,1.7087157669385122,0.0,-0.25881904510252157,0.9659258262890681,3,1.746768513895319,0.0,0.0,0.7626521662430434
2026-02-13 00:00:00,7.3,51,23,0.0,0.7626521662430434,0.0,0.0,1.0,4,0.8929658421272146,0.0,0.0,0.8935392828694395
2026-02-13 01:00:00,7.4,52,27,0.0,0.8935392828694395,0.0,0.25881904510252074,0.9659258262890683,4,1.0034490354424568,0.0,0.0,1.1790319760958652
2026-02-13 02:00:00,6.9,57,1,0.0,1.1790319760958652,0.0,0.49999999999999994,0.8660254037844387,4,1.1339855310460505,0.0,0.0,0.8531437996814437
2026-02-13 03:00:00,6.4,60,30,0.0,0.8531437996814437,0.0,0.7071067811865476,0.7071067811865476,4,0.8224507598588555,0.0,0.0,0.880757490899603
2026-02-13 04:00:00,5.4,64,57,0.0,0.880757490899603,0.0,0.8660254037844386,0.5000000000000001,4,0.8135296167214373,0.0,0.0,0.9747899910325984
2026-02-13 05:00:00,4.2,66,11,0.0,0.9747899910325984,0.0,0.9659258262890683,0.25881904510252074,4,1.0055424126429453,0.0,0.0,0.991881122583452
2026-02-13 06:00:00,3.2,69,9,0.0,0.991881122583452,0.0,1.0,6.123233995736766e-17,4,0.9381235650449545,0.0,0.064,0.9762058287377324
2026-02-13 07:00:00,4.2,63,36,16.0,0.9762058287377324,0.064,0.9659258262890683,-0.25881904510252063,4,0.9395525550254531,0.056,0.668,0.9831142842492878
2026-02-13 08:00:00,8.8,50,82,167.0,0.9831142842492878,0.668,0.8660254037844387,-0.4999999999999998,4,0.9824868476347255,0.608,1.384,1.221772826149573
2026-02-13 09:00:00,12.6,39,87,346.0,1.221772826149573,1.384,0.7071067811865476,-0.7071067811865475,4,0.9281094744337315,1.36,1.996,0.8998869826451303
2026-02-13 10:00:00,15.2,35,76,499.0,0.8998869826451303,1.996,0.49999999999999994,-0.8660254037844387,4,0.9210299302795225,1.712,2.384,1.054784205154623
2026-02-13 11:00:00,17.1,39,84,596.0,1.054784205154623,2.384,0.258819045102521,-0.9659258262890682,4,0.9964992479634441,2.276,2.56,1.0913214670234774
2026-02-13 12:00:00,17.2,46,51,640.0,1.0913214670234774,2.56,1.2246467991473532e-16,-1.0,4,1.0867756152524362,2.628,2.68,0.9968618970482209
2026-02-13 13:00:00,17.7,48,80,670.0,0.9968618970482209,2.68,-0.2588190451025208,-0.9659258262890683,4,1.0330460771594043,2.652,2.044,1.2323042840271579
2026-02-13 14:00:00,16.9,52,60,511.0,1.2323042840271579,2.044,-0.4999999999999997,-0.8660254037844388,4,1.092971452178866,2.42,1.54,1.2247368395086842
2026-02-13 15:00:00,17.2,51,95,385.0,1.2247368395086842,1.54,-0.7071067811865471,-0.7071067811865479,4,1.0117713999815905,1.9,0.8,1.3765498078469367
2026-02-13 16:00:00,15.4,60,96,200.0,1.3765498078469367,0.8,-0.8660254037844385,-0.5000000000000004,4,1.2358374271415236,1.176,0.108,1.7349490222403334
2026-02-13 17:00:00,12.0,91,100,27.0,1.7349490222403334,0.108,-0.9659258262890683,-0.25881904510252063,4,1.6007980336552166,0.392,0.0,2.2671268651711154
2026-02-13 18:00:00,11.2,87,94,0.0,2.2671268651711154,0.0,-1.0,-1.8369701987210297e-16,4,2.0952733609247676,0.004,0.0,2.7700757918357555
2026-02-13 19:00:00,10.6,63,32,0.0,2.7700757918357555,0.0,-0.9659258262890684,0.2588190451025203,4,2.8770340015161375,0.0,0.0,3.0542242614541215
2026-02-13 20:00:00,9.2,54,3,0.0,3.0542242614541215,0.0,-0.8660254037844386,0.5000000000000001,4,2.999066591702123,0.0,0.0,2.881187659524489
2026-02-13 21:00:00,8.1,56,95,0.0,2.881187659524489,0.0,-0.7071067811865477,0.7071067811865474,4,2.7249294956981402,0.0,0.0,2.1795796245233254
2026-02-13 22:00:00,8.6,53,92,0.0,2.1795796245233254,0.0,-0.5000000000000004,0.8660254037844384,4,2.327081288544114,0.0,0.0,1.6352542337369207
2026-02-13 23:00:00,8.1,56,100,0.0,1.6352542337369207,0.0,-0.25881904510252157,0.9659258262890681,4,1.7087157669385122,0.0,0.0,1.0331534642322144
2026-02-14 00:00:00,8.1,62,100,0.0,1.0331534642322144,0.0,0.0,1.0,5,0.7626521662430434,0.0,0.0,1.041242425997072
2026-02-14 01:00:00,7.6,67,100,0.0,1.041242425997072,0.0,0.25881904510252074,0.9659258262890683,5,0.8935392828694395,0.0,0.0,0.9118331034082607
2026-02-14 02:00:00,7.1,72,100,0.0,0.9118331034082607,0.0,0.49999999999999994,0.8660254037844387,5,1.1790319760958652,0.0,0.0,1.0627506342346744
2026-02-14 03:00:00,6.7,72,100,0.0,1.0627506342346744,0.0,0.7071067811865476,0.7071067811865476,5,0.8531437996814437,0.0,0.0,0.9937987658145557
2026-02-14 04:00:00,6.1,76,95,0.0,0.9937987658145557,0.0,0.8660254037844386,0.5000000000000001,5,0.880757490899603,0.0,0.0,0.9755567172339605
2026-02-14 05:00:00,5.4,81,53,0.0,0.9755567172339605,0.0,0.9659258262890683,0.25881904510252074,5,0.9747899910325984,0.0,0.0,0.930041968942167
2026-02-14 06:00:00,5.6,84,96,0.0,0.930041968942167,0.0,1.0,6.123233995736766e-17,5,0.991881122583452,0.0,0.04,1.040434595766132
2026-02-14 07:00:00,5.8,83,82,10.0,1.040434595766132,0.04,0.9659258262890683,-0.25881904510252063,5,0.9762058287377324,0.064,0.408,0.9521497161497339
2026-02-14 08:00:00,6.7,75,30,102.0,0.9521497161497339,0.408,0.8660254037844387,-0.4999999999999998,5,0.9831142842492878,0.668,1.4,1.0729100893677481
2026-02-14 09:00:00,8.3,61,16,350.0,1.0729100893677481,1.4,0.7071067811865476,-0.7071067811865475,5,1.221772826149573,1.384,2.028,1.0736491852158925
2026-02-14 10:00:00,9.0,53,23,507.0,1.0736491852158925,2.028,0.49999999999999994,-0.8660254037844387,5,0.8998869826451303,1.996,2.492,0.9158426895135255
2026-02-14 11:00:00,9.9,48,32,623.0,0.9158426895135255,2.492,0.258819045102521,-0.9659258262890682,5,1.054784205154623,2.384,2.58,1.124883205307245
2026-02-14 12:00:00,10.4,53,45,645.0,1.124883205307245,2.58,1.2246467991473532e-16,-1.0,5,1.0913214670234774,2.56,2.272,0.946390056892202
2026-02-14 13:00:00,9.7,53,52,568.0,0.946390056892202,2.272,-0.2588190451025208,-0.9659258262890683,5,0.9968618970482209,2.68,1.936,1.098562732852911
2026-02-14 14:00:00,8.8,58,77,484.0,1.098562732852911,1.936,-0.4999999999999997,-0.8660254037844388,5,1.2323042840271579,2.044,1.608,0.9608713528149321
2026-02-14 15:00:00,8.9,57,40,402.0,0.9608713528149321,1.608,-0.7071067811865471,-0.7071067811865479,5,1.2247368395086842,1.54,0.96,1.3656882233186944
2026-02-14 16:00:00,8.0,61,73,240.0,1.3656882233186944,0.96,-0.8660254037844385,-0.5000000000000004,5,1.3765498078469367,0.8,0.288,1.754121106481016
2026-02-14 17:00:00,6.7,70,100,72.0,1.754121106481016,0.288,-0.9659258262890683,-0.25881904510252063,5,1.7349490222403334,0.108,0.0,2.273244179397089
2026-02-14 18:00:00,5.9,77,100,0.0,2.273244179397089,0.0,-1.0,-1.8369701987210297e-16,5,2.2671268651711154,0.0,0.0,2.8311809096827463
2026-02-14 19:00:00,5.2,85,99,0.0,2.8311809096827463,0.0,-0.9659258262890684,0.2588190451025203,5,2.7700757918357555,0.0,0.0,3.0598709965385327
2026-02-14 20:00:00,4.7,89,100,0.0,3.0598709965385327,0.0,-0.8660254037844386,0.5000000000000001,5,3.0542242614541215,0.0,0.0,2.72257043623337
2026-02-14 21:00:00,4.7,87,73,0.0,2.72257043623337,0.0,-0.7071067811865477,0.7071067811865474,5,2.881187659524489,0.0,0.0,2.2742448198669183
2026-02-14 22:00:00,4.7,85,100,0.0,2.2742448198669183,0.0,-0.5000000000000004,0.8660254037844384,5,2.1795796245233254,0.0,0.0,1.690996726702689
